Filer,VServer,Volume,Aggregate,Size,State,Policy,Junction-Path,Used,Snapshot-Policy,Clone-Volume,Compression-Space-Saved,Dedupe-Space-Saved,Clone-Parent-Name,QTree,QTree-Quota,QTree-Used,Space-Needed,Space-Alloc-Needed,CIFS,Owner,EMT-2,BU,Site:Path
noiclapa01-cls-mgt,noiclapa01-p1,vol0,aggr0_noiclapa01_p1,714GB,online,-,-,83GB,-,-,0GB,0GB,-,-,-,-,83GB,631GB,-,-
noiclapa01-cls-mgt,noiclapa01-p2,vol0,aggr0_noiclapa01_p2,714GB,online,-,-,47GB,-,-,0GB,0GB,-,-,-,-,47GB,667GB,-,-
noiclapa01-cls-mgt,noiclapa01-p5,vol0,aggr0_noiclapa01_p5,714GB,online,-,-,125GB,-,-,0GB,0GB,-,-,-,-,125GB,589GB,-,-
noiclapa01-cls-mgt,noiclapa01-p6,vol0,aggr0_noiclapa01_p6,714GB,online,-,-,45GB,-,-,0GB,0GB,-,-,-,-,45GB,669GB,-,-
noiclapa01-cls-mgt,noiclapa01-p7,vol0,aggr0_noiclapa01_p7,902GB,online,-,-,41GB,-,-,0GB,0GB,-,-,-,-,41GB,861GB,-,-
noiclapa01-cls-mgt,noiclapa01-p8,vol0,aggr0_noiclapa01_p8,902GB,online,-,-,76GB,-,-,0GB,0GB,-,-,-,-,76GB,826GB,-,-
noiclapa01-cls-mgt,noiclapa01-p9,vol0,aggr0_noiclapa01_p9,1086GB,online,-,-,49GB,-,-,0GB,0GB,-,-,-,-,49GB,1037GB,-,-
noiclapa01-cls-mgt,noiclapa01-p10,vol0,aggr0_noiclapa01_p10,1086GB,online,-,-,51GB,-,-,0GB,0GB,-,-,-,-,51GB,1035GB,-,-
noiclapa01-cls-mgt,noiclapa01-s1,vol0,aggr0_noiclapa01_s1,4018GB,online,-,-,58GB,-,-,0GB,0GB,-,-,-,-,58GB,3960GB,-,-
noiclapa01-cls-mgt,noiclapa01-s2,vol0,aggr0_noiclapa01_s2,4018GB,online,-,-,45GB,-,-,0GB,0GB,-,-,-,-,45GB,3973GB,-,-
noiclapa01-cls-mgt,vs0,AMS_TRO_builds,noiclapa01_p5_SAS0,110GB,online,default,/vols/AMS_TRO_builds,64GB,default,false,0GB,0GB,-,-,-,-,64GB,46GB,-,-,-,-,noida:/vols/AMS_TRO_builds
noiclapa01-cls-mgt,vs0,APAC_OCUM_DB,noiclapa01_p5_SAS0,1024GB,online,default,/it/APAC_OCUM_DB,45GB,none,false,0GB,29GB,-,-,-,-,74GB,950GB,-,-,-,-,noida:/vols/APAC_OCUM_DB
noiclapa01-cls-mgt,vs0,APAC_OCUM_DB1,noiclapa01_p5_SAS0,500GB,online,default,/it/APAC_OCUM_DB1,154GB,default,false,0GB,42GB,-,-,-,-,196GB,304GB,-,-,-,-,noida:/vols/APAC_OCUM_DB1
noiclapa01-cls-mgt,vs0,DIP,noiclapa01_p2_SAS0,3072GB,online,default,/avs/DIP,1846GB,none,false,0GB,320GB,-,-,-,-,2166GB,906GB,-,-,-,-,noida:/development/testrun2
noiclapa01-cls-mgt,vs0,DIP_Verification,noiclapa01_p1_SAS0,2560GB,online,default,/vol/DIP_Verification,1786GB,none,false,0GB,0GB,-,-,-,-,1786GB,774GB,-,-,-,-,noida:/servers/DIP_Verification
noiclapa01-cls-mgt,vs0,Denali_test_scratch,noiclapa01_p2_SAS0,400GB,online,default,/vols/Denali_test_scratch,399GB,none,false,0GB,0GB,-,-,-,-,399GB,1GB,-,-,-,-,noida:/vols/Denali_test_scratch
noiclapa01-cls-mgt,vs0,Denali_vol0,noiclapa01_p2_SAS0,700GB,online,denali,/vol/Denali_vol0,506GB,none,false,0GB,214GB,-,-,-,-,720GB,-20GB,-,-,-,-,noida:/hm/flash
noiclapa01-cls-mgt,vs0,Doberman_archive,noiclapa01_p2_SAS0,210GB,online,default,/vols/Doberman_archive,201GB,none,false,0GB,0GB,-,-,-,-,201GB,9GB,-,-,-,-,noida:/servers/archive
noiclapa01-cls-mgt,vs0,HPNFC_space,noiclapa01_p7_SAS0,3072GB,online,default,/vols/HPNFC_space,2105GB,none,false,0GB,789GB,-,-,-,-,2894GB,178GB,-,-,-,-,noida:/projects/HPNFC
noiclapa01-cls-mgt,vs0,IC616,noiclapa01_p6_SAS0,40GB,online,default,/p4/flex_vol_atulg/IC616,29GB,none,false,0GB,0GB,-,-,-,-,29GB,11GB,-,-,-,-,noida:/vols/IC616
noiclapa01-cls-mgt,vs0,IC617,noiclapa01_p6_SAS0,40GB,online,default,/p4/flex_vol_atulg/IC617,29GB,none,false,0GB,0GB,-,-,-,-,29GB,11GB,-,-,-,-,noida:/vols/IC617
noiclapa01-cls-mgt,vs0,IC617_ws3,noiclapa01_p6_SAS0,40GB,online,cic,/p4/flex_user/IC617_ws3,29GB,none,true,0GB,0GB,IC617,-,-,-,29GB,11GB,-,-,-,-,noida:/vols/IC617_ws3
noiclapa01-cls-mgt,vs0,IPG_mpa_dv,noiclapa01_p2_SAS0,1710GB,online,default,/vol/IPG_mpa_dv,988GB,it-noida,false,0GB,1373GB,-,-,-,-,2361GB,-651GB,-,-,-,-,noida:/projects/mpa_dv
noiclapa01-cls-mgt,vs0,IPG_mpa_dv_archive,noiclapa01_s1_SATA0,850GB,online,default,/vol/IPG_mpa_dv_archive,0GB,it-noida,false,0GB,0GB,-,-,-,-,0GB,850GB,-,-,-,-,noida:/servers/mpa_dv_archive
noiclapa01-cls-mgt,vs0,IP_modeling,noiclapa01_s1_SATA0,500GB,online,IP_model,/vols/IP_modeling,428GB,none,false,0GB,0GB,-,-,-,-,428GB,72GB,-,-,-,-,noida:/servers/IP_modeling
noiclapa01-cls-mgt,vs0,SFI_grid2,noiclapa01_p2_SAS0,1000GB,online,default,/it/SFI_grid2,839GB,default-1weekly,false,0GB,0GB,-,-,-,-,839GB,161GB,-,-,-,-,noida:/grid/common/1H2003
noiclapa01-cls-mgt,vs0,SVG_PE,noiclapa01_p5_SAS0,1024GB,online,default,/vols/SVG_PE,0GB,default,false,0GB,0GB,-,-,-,-,0GB,1024GB,-,sthakur,gangulys,System_&_Verification_Group,noida:/vols/SVG_PE
noiclapa01-cls-mgt,vs0,TI_QRC_loaner,noiclapa01_s1_SATA0,1099GB,online,tfo,/tfo/TI_QRC_loaner,1051GB,none,false,0GB,65GB,-,-,-,-,1116GB,-17GB,-,-,-,-,noida:/servers/TI_QRC_sat
noiclapa01-cls-mgt,vs0,XCP_catalog,noiclapa01_p5_SAS0,300GB,online,default,/XCP,211GB,default,false,0GB,0GB,-,-,-,-,211GB,89GB,-,-,-,-,noida:/grid/it/catalog
noiclapa01-cls-mgt,vs0,agarwalp_vol,noiclapa01_p2_SAS0,150GB,online,cva,/cva/agarwalp_vol,3GB,none,false,0GB,0GB,-,-,-,-,3GB,147GB,-,-,-,-,noida:/grid/cva/agarwalp_vol
noiclapa01-cls-mgt,vs0,agarwalp_vol1,noiclapa01_p7_SAS0,150GB,online,cva,/cva/agarwalp_vol1,0GB,none,false,0GB,0GB,-,-,-,-,0GB,150GB,-,-,-,-,noida:/grid/cva/agarwalp_vol1
noiclapa01-cls-mgt,vs0,aix,noiclapa01_p6_SAS0,100GB,online,default,/p4/p4users/aix,100GB,none,true,0GB,0GB,avs151rel_121015specversion,-,-,-,100GB,0GB,-,-,-,-,noida:/vols/aix
noiclapa01-cls-mgt,vs0,ambit_regress,noiclapa01_p2_SAS0,10GB,online,default,/vol/ambit_regress,0GB,none,false,0GB,0GB,-,-,-,-,0GB,10GB,-,-,-,-,noida:/servers/bg
noiclapa01-cls-mgt,vs0,amit_testing,noiclapa01_s1_SATA0,30GB,online,default,/vols/amit_testing,12GB,none,false,0GB,0GB,-,-,-,-,12GB,18GB,-,-,-,-,noida:/vols/amit_test
noiclapa01-cls-mgt,vs0,amscm_vol02_t1nb,noiclapa01_p6_SAS0,1024GB,online,it,/vols/amscm_vol02_t1nb,90GB,none,false,0GB,255GB,-,-,-,-,345GB,679GB,-,-,-,-,noida:/vols/amscm_vol02
noiclapa01-cls-mgt,vs0,ankur_perf_test,noiclapa01_p1_SAS0,100GB,online,default,/vols/ankur_perf_test,14GB,none,false,0GB,0GB,-,-,-,-,14GB,86GB,-,-,-,-,noida:/servers/ankur_perf_test
noiclapa01-cls-mgt,vs0,anls_vol1,noiclapa01_p2_SAS0,100GB,online,default,/vol/anls_vol1,97GB,none,false,0GB,0GB,-,-,-,-,97GB,3GB,-,-,-,-,noida:/servers/anlspv_scratch01
noiclapa01-cls-mgt,vs0,anujv_vol,noiclapa01_p1_SAS0,150GB,online,cva,/cva/anujv_vol,18GB,none,false,0GB,0GB,-,-,-,-,18GB,132GB,-,-,-,-,noida:/grid/cva/anujv_vol
noiclapa01-cls-mgt,vs0,anujv_vol1,noiclapa01_p8_SAS0,150GB,online,cva,/cva/anujv_vol1,0GB,default,false,0GB,0GB,-,-,-,-,0GB,150GB,-,-,-,-,noida:/vols/anujv_vol1
noiclapa01-cls-mgt,vs0,ashishku_test_pbs_spool,noiclapa01_s1_SATA0,60GB,online,pbs_test,/it/ashishku_test_pbs_spool,10GB,none,false,0GB,0GB,-,-,-,-,10GB,50GB,-,-,-,-,noida:/grid/sfi/pbs_spool
noiclapa01-cls-mgt,vs0,ashutosh_test,noiclapa01_p7_SAS0,20GB,online,default,/vols/ashutosh_test,0GB,default,false,0GB,0GB,-,-,-,-,0GB,20GB,-,-,-,-,noida:/vols/ashutosh_test
noiclapa01-cls-mgt,vs0,atulg_poc,noiclapa01_p5_SAS0,150GB,online,default,/vols/atulg_poc,0GB,default,false,0GB,0GB,-,-,-,-,0GB,150GB,-,-,-,-,noida:/vols/atulg_poc
noiclapa01-cls-mgt,vs0,audio_dlb,noiclapa01_p8_SATA0,4246GB,online,default,/vol/audio_dlb,3005GB,none,false,0GB,104GB,-,-,-,-,3109GB,1137GB,-,-,-,-,noida:/servers/audio_dlb
noiclapa01-cls-mgt,vs0,avr_hls_cdstools,noiclapa01_s1_SATA0,150GB,online,default,/vols/avr_hls_cdstools,150GB,none,false,0GB,0GB,-,-,-,-,150GB,0GB,-,-,-,-,noida:/hls/cdstools
noiclapa01-cls-mgt,vs0,avr_hls_libs,noiclapa01_s1_SATA0,100GB,online,default,/vols/avr_hls_libs,33GB,none,false,0GB,0GB,-,-,-,-,33GB,67GB,-,-,-,-,noida:/hls/libs
noiclapa01-cls-mgt,vs0,avr_hls_pkgs,noiclapa01_s1_SATA0,50GB,online,default,/vols/avr_hls_pkgs,0GB,none,false,0GB,0GB,-,-,-,-,0GB,50GB,-,-,-,-,noida:/hls/pkgs
noiclapa01-cls-mgt,vs0,avr_hls_share,noiclapa01_s1_SATA0,600GB,online,default,/vols/avr_hls_share,507GB,none,false,0GB,50GB,-,-,-,-,557GB,43GB,-,-,-,-,noida:/hls/share
noiclapa01-cls-mgt,vs0,avs151rel_121015specversion,noiclapa01_p6_SAS0,100GB,online,default,/p4/p4m/avs151rel_121015specversion,67GB,none,false,0GB,0GB,-,-,-,-,67GB,33GB,-,-,-,-,noida:/vols/avs151rel_121015specversion
noiclapa01-cls-mgt,vs0,avs_cast_sol,noiclapa01_p1_SAS0,200GB,online,avs,/avs/avs_cast_sol,160GB,none,false,0GB,0GB,-,-,-,-,160GB,40GB,-,-,-,-,noida:/development/cast_sol
noiclapa01-cls-mgt,vs0,avs_dev_Seamless,noiclapa01_p1_SAS0,15GB,online,default,/avs/avs_dev_Seamless,6GB,none,false,0GB,0GB,-,-,-,-,6GB,9GB,-,-,-,-,noida:/development/Simulators
noiclapa01-cls-mgt,vs0,avs_dev_lsf,noiclapa01_p1_SAS0,5GB,online,default,/avs/avs_dev_lsf,0GB,none,false,0GB,0GB,-,-,-,-,0GB,5GB,-,-,-,-,noida:/development/lsf
noiclapa01-cls-mgt,vs0,avs_dev_perspec_t1nb,noiclapa01_p8_SAS0,50GB,online,default,/avs/avs_dev_perspec_t1nb,0GB,none,false,0GB,0GB,-,-,-,-,0GB,50GB,-,-,-,-,noida:/development/perspec
noiclapa01-cls-mgt,vs0,avs_dev_rels,noiclapa01_p1_SAS0,2048GB,online,avs,/avs/avs_dev_rels,926GB,it-noida,false,0GB,1234GB,-,-,-,-,2160GB,-112GB,-,-,-,-,noida:/development/rels
noiclapa01-cls-mgt,vs0,avs_dev_sge,noiclapa01_p1_SAS0,15GB,online,avs,/avs/avs_dev_sge,4GB,none,false,0GB,0GB,-,-,-,-,4GB,11GB,-,-,-,-,noida:/development/sge
noiclapa01-cls-mgt,vs0,avs_jvman,noiclapa01_s1_SATA0,5GB,online,avs,/avs/avs_jvman,1GB,none,false,0GB,0GB,-,-,-,-,1GB,4GB,-,-,-,-,noida:/development/jvman
noiclapa01-cls-mgt,vs0,avs_vol02_vorm,noiclapa01_s2_SATA0,100GB,online,vormetric,/vorm/avs_vol02_vorm,0GB,none,false,0GB,0GB,-,-,-,-,0GB,100GB,-,-,-,-,noida:/grid/vormetric/avs_vol02
noiclapa01-cls-mgt,vs0,avs_vol03_conformal,noiclapa01_s1_SATA0,50GB,online,avs,/avs/avs_vol03_conformal,12GB,none,false,0GB,0GB,-,-,-,-,12GB,38GB,-,-,-,-,noida:/grid/avs/conformal
noiclapa01-cls-mgt,vs0,avspoc_151rel_010916_specv2,noiclapa01_p6_SAS0,100GB,online,default,/p4/p4m/avspoc_151rel_010916_specv2,24GB,none,false,0GB,0GB,-,-,-,-,24GB,76GB,-,-,-,-,noida:/vols/avspoc_151rel_010916_specv2
noiclapa01-cls-mgt,vs0,avspoc_avs151_rel_cust,noiclapa01_p5_SAS0,100GB,online,avs,/p4/p4mC/avspoc_avs151_rel_cust,73GB,none,false,0GB,0GB,-,-,-,-,73GB,27GB,-,-,-,-,noida:/vols/avspoc_avs151_rel_cust
noiclapa01-cls-mgt,vs0,backup_logs,noiclapa01_p1_SAS0,50GB,online,it,/vols/backup_logs,0GB,none,false,0GB,0GB,-,-,-,-,0GB,50GB,-,-,-,-,noida:/vols/backup_logs
noiclapa01-cls-mgt,vs0,beas_qa,noiclapa01_s1_SATA0,180GB,online,default,/vols/beas_qa,178GB,none,false,0GB,0GB,-,-,-,-,178GB,2GB,-,-,-,-,noida:/vols/beas_qa
noiclapa01-cls-mgt,vs0,cad_tools,noiclapa01_p1_SAS0,750GB,online,avs,/avs/cad_tools,546GB,it-noida,false,0GB,193GB,-,-,-,-,739GB,11GB,-,-,-,-,noida:/cad/tools
noiclapa01-cls-mgt,vs0,catena_noida1,noiclapa01_p8_SATA0,700GB,online,cic,/cic/catena_noida1,547GB,none,false,0GB,135GB,-,-,-,-,682GB,18GB,-,-,-,-,noida:/grid/cic/catena_noida1
noiclapa01-cls-mgt,vs0,catenapv_t2b_001,noiclapa01_s1_SATA0,1331GB,online,default,/vol/catenapv_t2b_001,1037GB,default,false,0GB,0GB,-,-,-,-,1037GB,294GB,-,-,-,-,noida:/grid/cic/catenapv_t2b_001
noiclapa01-cls-mgt,vs0,cdnshelp_flow,noiclapa01_p8_SATA0,300GB,online,default,/vols/cdnshelp_flow,226GB,none,false,0GB,0GB,-,-,-,-,226GB,74GB,-,-,-,-,noida:/lan/ops/cdnshelp_flow
noiclapa01-cls-mgt,vs0,cic,noiclapa01_p1_SAS0,450GB,online,default,/cic/cic,338GB,none,false,0GB,0GB,-,-,-,-,338GB,112GB,-,-,-,-,noida:/eng/builds
noiclapa01-cls-mgt,vs0,cic_DMS,noiclapa01_s1_SATA0,500GB,online,cic,/cic/cic_DMS,393GB,none,false,0GB,0GB,-,-,-,-,393GB,107GB,-,-,-,-,noida:/grid/cic/DMS
noiclapa01-cls-mgt,vs0,cic_ade,noiclapa01_p1_SAS0,750GB,online,cic,/cic/cic_ade,387GB,none,false,0GB,31GB,-,-,-,-,418GB,332GB,-,-,-,-,noida:/servers/ade_scratch
noiclapa01-cls-mgt,vs0,cic_ade_scratch,noiclapa01_s1_SATA0,2048GB,online,cic,/cic/cic_ade_scratch,638GB,none,false,0GB,649GB,-,-,-,-,1287GB,761GB,-,-,-,-,noida:/servers/ade_scratch
noiclapa01-cls-mgt,vs0,cic_catena_build,noiclapa01_s1_SATA0,100GB,online,cic,/cic/cic_catena_build,0GB,none,false,0GB,0GB,-,-,-,-,0GB,100GB,-,-,-,-,noida:/grid/cic/catena_build
noiclapa01-cls-mgt,vs0,cic_catena_vol01,noiclapa01_s1_SATA0,510GB,online,cic,/cic/cic_catena_vol01,116GB,none,false,0GB,378GB,-,-,-,-,494GB,16GB,-,-,-,-,noida:/grid/cic/catena_vol01
noiclapa01-cls-mgt,vs0,cic_fsc_vol05_in,noiclapa01_p7_SAS0,100GB,online,cic_foundry,/vols/cic_fsc_vol05_in,12GB,default,false,0GB,18GB,-,-,-,-,30GB,70GB,-,-,-,-,noida:/grid/foundry/cadence
noiclapa01-cls-mgt,vs0,cic_icft,noiclapa01_p8_SATA0,1200GB,online,cic,/cic/cic_icft,177GB,none,false,0GB,61GB,-,-,-,-,238GB,962GB,-,-,-,-,noida:/grid/cic/icft
noiclapa01-cls-mgt,vs0,cic_magestic_noida_T2B,noiclapa01_p7_SAS0,1024GB,online,default,/cic/cic_magestic_noida_T2B,134GB,default,false,0GB,82GB,-,-,-,-,216GB,808GB,-,-,-,-,noida:/servers/magestic_noida
noiclapa01-cls-mgt,vs0,cic_oa,noiclapa01_p1_SAS0,100GB,online,cic,/cic/cic_oa,0GB,none,false,0GB,0GB,-,-,-,-,0GB,100GB,-,-,-,-,noida:/servers/cic_oa
noiclapa01-cls-mgt,vs0,cic_pd_scratch,noiclapa01_s1_SATA0,420GB,online,default,/cic/cic_pd_scratch,301GB,default,false,0GB,0GB,-,-,-,-,301GB,119GB,-,-,-,-,noida:/servers/cic_pd_scratch
noiclapa01-cls-mgt,vs0,cic_pdk,noiclapa01_p1_SAS0,400GB,online,cic,/cic/cic_pdk,262GB,none,false,0GB,0GB,-,-,-,-,262GB,138GB,-,-,-,-,noida:/servers/cic_pdk
noiclapa01-cls-mgt,vs0,cic_pdstore,noiclapa01_s1_SATA0,750GB,online,cic,/cic/cic_pdstore,356GB,none,false,0GB,425GB,-,-,-,-,781GB,-31GB,-,-,-,-,noida:/servers/pdstore_new
noiclapa01-cls-mgt,vs0,cic_pe,noiclapa01_p2_SAS0,1536GB,online,cic,/cic/cic_pe,720GB,none,false,0GB,0GB,-,-,-,-,720GB,816GB,-,-,-,-,noida:/grid/vormetric/cic
noiclapa01-cls-mgt,vs0,cic_perf,noiclapa01_s1_SATA0,410GB,online,cic,/cic/cic_perf,402GB,none,false,0GB,0GB,-,-,-,-,402GB,8GB,-,-,-,-,noida:/grid/vormetric/cic
noiclapa01-cls-mgt,vs0,cic_perf_backup,noiclapa01_s1_SATA0,110GB,online,cic,/cic/cic_perf_backup,59GB,none,false,0GB,0GB,-,-,-,-,59GB,51GB,-,-,-,-,noida:/grid/vormetric/cic
noiclapa01-cls-mgt,vs0,cic_pv_t2b_001,noiclapa01_s1_SATA0,500GB,online,cic,/cic/cic_pv_t2b_001,391GB,none,false,0GB,0GB,-,-,-,-,391GB,109GB,-,-,-,-,noida:/grid/cic/pv_t2b_001
noiclapa01-cls-mgt,vs0,cic_rms_1,noiclapa01_s1_SATA0,50GB,online,cic,/cic/cic_rms_1,0GB,none,false,0GB,0GB,-,-,-,-,0GB,50GB,true,-,-,-,noida:/eng/builds
noiclapa01-cls-mgt,vs0,cic_testdata,noiclapa01_s1_SATA0,750GB,online,cic,/cic/cic_testdata,413GB,none,false,0GB,49GB,-,-,-,-,462GB,288GB,-,-,-,-,noida:/grid/cic/testdata
noiclapa01-cls-mgt,vs0,cic_viva,noiclapa01_p1_SAS0,500GB,online,cic,/cic/cic_viva,274GB,none,false,0GB,0GB,-,-,-,-,274GB,226GB,-,-,-,-,noida:/servers/cic_viva
noiclapa01-cls-mgt,vs0,cic_viva1,noiclapa01_p1_SAS0,450GB,online,default,/cic/cic_viva1,417GB,none,false,0GB,0GB,-,-,-,-,417GB,33GB,-,-,-,-,noida:/servers/cic_viva1
noiclapa01-cls-mgt,vs0,cic_vls,noiclapa01_p8_SAS0,2754GB,online,cic,/cic/cic_vls,1070GB,none,false,0GB,765GB,-,-,-,-,1835GB,919GB,-,-,-,-,noida:/servers/cic_vls
noiclapa01-cls-mgt,vs0,cic_vse,noiclapa01_p2_SAS0,1689GB,online,cic,/cic/cic_vse,820GB,none,false,0GB,422GB,-,-,-,-,1242GB,447GB,-,-,-,-,noida:/servers/cic_vse
noiclapa01-cls-mgt,vs0,cic_vse_integ,noiclapa01_s1_SATA0,200GB,online,cic,/cic/cic_vse_integ,107GB,none,false,0GB,0GB,-,-,-,-,107GB,93GB,-,-,-,-,noida:/servers/cic_vse_integ
noiclapa01-cls-mgt,vs0,cicpv_blr,noiclapa01_p8_SATA0,3072GB,online,default,/cic/cicpv_blr,2499GB,it-noida,false,0GB,1580GB,-,-,-,-,4079GB,-1007GB,-,-,-,-,noida:/servers/cicpv_blr
noiclapa01-cls-mgt,vs0,clarity_noida_proj1_t1nb,noiclapa01_p6_SAS0,2048GB,online,default,/vols/clarity_noida_proj1_t1nb,1553GB,none,false,0GB,0GB,-,-,-,-,1553GB,495GB,-,-,-,-,noida:/servers/clarity_noida_proj1
noiclapa01-cls-mgt,vs0,cm_p4pocrd1,noiclapa01_p6_SAS0,100GB,online,default,-,80GB,none,false,0GB,0GB,-,-,-,-,80GB,20GB,-,-,-,-,-
noiclapa01-cls-mgt,vs0,csc_vol1,noiclapa01_s1_SATA0,110GB,online,gcc,/gcc/csc_vol1,57GB,none,false,0GB,0GB,-,-,-,-,57GB,53GB,-,-,-,-,noida:/ccstools/local
noiclapa01-cls-mgt,vs0,csv_spectrepe_testout4,noiclapa01_p6_SAS0,1000GB,online,default,/csv/spectrepe_testout4,0GB,default,false,0GB,0GB,-,-,-,-,0GB,1000GB,-,schavan,akshats,Custom_IC_&_PCB_Group,noida:/csv/spectrepe_testout4
noiclapa01-cls-mgt,vs0,cts_builds,noiclapa01_p1_SAS0,585GB,online,default,/vols/cts_builds,475GB,none,false,0GB,0GB,-,-,-,-,475GB,110GB,-,-,-,-,noida:/lan/ctos/builds
noiclapa01-cls-mgt,vs0,cts_home_sthoke,noiclapa01_s1_SATA0,100GB,online,default,/vols/cts_home_sthoke,66GB,none,false,0GB,0GB,-,-,-,-,66GB,34GB,-,-,-,-,noida:/hm/sthoke
noiclapa01-cls-mgt,vs0,cts_vol02,noiclapa01_s1_SATA0,200GB,online,default,/vols/cts_vol02,199GB,none,false,0GB,99GB,-,-,-,-,298GB,-98GB,-,-,-,-,noida:/lan/ctos/backup
noiclapa01-cls-mgt,vs0,customer_vol01,noiclapa01_p2_SAS0,355GB,online,fed,/fed/customer_vol01,234GB,none,false,0GB,0GB,-,-,-,-,234GB,121GB,-,-,-,-,noida:/servers/customers
noiclapa01-cls-mgt,vs0,cva_UTH,noiclapa01_p6_SAS0,1024GB,online,cva,/cva/cva_UTH,356GB,none,false,0GB,65GB,-,-,-,-,421GB,603GB,-,-,-,-,noida:/grid/cva/UTH
noiclapa01-cls-mgt,vs0,cva_avip_ve,noiclapa01_p2_SAS1_RESERVED_HSV,1024GB,online,cva,/cva/cva_avip_ve,380GB,none,false,0GB,0GB,-,-,-,-,380GB,644GB,-,-,-,-,noida:/lan/cva/avip_ve
noiclapa01-cls-mgt,vs0,cva_cad,noiclapa01_p2_SAS0,100GB,online,cva,/cva/cva_cad,37GB,none,false,0GB,0GB,-,-,-,-,37GB,63GB,-,-,-,-,noida:/vols/cva_cad
noiclapa01-cls-mgt,vs0,cva_grid,noiclapa01_p1_SAS0,45GB,online,cva,/cva/cva_grid,24GB,none,false,0GB,0GB,-,-,-,-,24GB,21GB,-,-,-,-,noida:/grid/cva/temp
noiclapa01-cls-mgt,vs0,cva_ixcom_dev,noiclapa01_p8_SATA0,1024GB,online,cva,/cva/cva_ixcom_dev,7GB,none,false,0GB,0GB,-,-,-,-,7GB,1017GB,-,-,-,-,noida:/lan/cva/ixcom_dev
noiclapa01-cls-mgt,vs0,cva_p4depotdata,noiclapa01_p2_SAS1_RESERVED_HSV,2560GB,online,cva,/cva/cva_p4depotdata,1631GB,default,false,0GB,814GB,-,-,-,-,2445GB,115GB,-,-,-,-,noida:/grid/cva/p4depotdata
noiclapa01-cls-mgt,vs0,cva_protiumTests,noiclapa01_p2_SAS1_RESERVED_HSV,1843GB,online,cva,/cva/protiumTests,1781GB,none,false,0GB,0GB,-,-,-,-,1781GB,62GB,-,-,-,-,noida:/lan/cva/protiumTests
noiclapa01-cls-mgt,vs0,cva_ptmMemImages_3,noiclapa01_p2_SAS1_RESERVED_HSV,3072GB,online,cva,/cva/ptmMemImages_3,677GB,none,false,0GB,0GB,-,-,-,-,677GB,2395GB,-,-,-,-,noida:/lan/cva/ptmMemImages_3
noiclapa01-cls-mgt,vs0,cva_ptmreg6,noiclapa01_p2_SAS1_RESERVED_HSV,5120GB,online,cva,/cva/cva_ptmreg6,4967GB,none,false,0GB,1788GB,-,-,-,-,6755GB,-1635GB,-,-,-,-,noida:/lan/cva/ptmreg6
noiclapa01-cls-mgt,vs0,cva_ptmreg7,noiclapa01_p2_SAS1_RESERVED_HSV,3788GB,online,cva,/cva/cva_ptmreg7,0GB,none,false,0GB,0GB,-,-,-,-,0GB,3788GB,-,-,-,-,noida:/lan/cva/ptmreg7
noiclapa01-cls-mgt,vs0,cva_pv,noiclapa01_p1_SAS0,5120GB,online,cva,/cva/cva_pv,1029GB,none,false,0GB,14337GB,-,-,-,-,15366GB,-10246GB,-,-,-,-,noida:/grid/cva/CONFRML
noiclapa01-cls-mgt,vs0,cva_pv_results,noiclapa01_p1_SAS0,400GB,online,cva,/cva/cva_pv_results,194GB,none,false,0GB,0GB,-,-,-,-,194GB,206GB,-,-,-,-,noida:/grid/cva/pv_results
noiclapa01-cls-mgt,vs0,cva_pv_scratch,noiclapa01_p1_SAS0,2048GB,online,cva,/cva/cva_pv_scratch,956GB,none,false,0GB,307GB,-,-,-,-,1263GB,785GB,-,-,-,-,noida:/grid/cva/pv_scratch
noiclapa01-cls-mgt,vs0,cva_pv_scratch3,noiclapa01_s1_SATA0,735GB,online,cva,/cva/cva_pv_scratch3,215GB,none,false,0GB,56GB,-,-,-,-,271GB,464GB,-,-,-,-,noida:/grid/cva/pv_scratch3
noiclapa01-cls-mgt,vs0,cva_pv_scratch_test10,noiclapa01_p1_SAS0,225GB,online,cva,/cva/cva_pv_scratch_test10,48GB,none,false,0GB,0GB,-,-,-,-,48GB,177GB,-,-,-,-,noida:/grid/cva/pv_test10
noiclapa01-cls-mgt,vs0,cva_pv_scratch_test11,noiclapa01_p8_SATA0,160GB,online,cva,/cva/cva_pv_scratch_test11,80GB,none,false,0GB,0GB,-,-,-,-,80GB,80GB,-,-,-,-,noida:/grid/cva/pv_test11
noiclapa01-cls-mgt,vs0,cva_pv_scratch_test4,noiclapa01_p1_SAS0,200GB,online,cva,/cva/cva_pv_scratch_test4,160GB,none,false,0GB,0GB,-,-,-,-,160GB,40GB,-,-,-,-,noida:/grid/cva/pv_test4
noiclapa01-cls-mgt,vs0,cva_pv_scratch_test6,noiclapa01_p1_SAS0,100GB,online,cva,/cva/cva_pv_scratch_test6,40GB,none,false,0GB,0GB,-,-,-,-,40GB,60GB,-,-,-,-,noida:/grid/cva/pv_test6
noiclapa01-cls-mgt,vs0,cva_pv_scratch_test7,noiclapa01_p1_SAS0,100GB,online,cva,/cva/cva_pv_scratch_test7,53GB,none,false,0GB,0GB,-,-,-,-,53GB,47GB,-,-,-,-,noida:/grid/cva/pv_test7
noiclapa01-cls-mgt,vs0,cva_pv_scratch_test9,noiclapa01_p1_SAS0,200GB,online,cva,/cva/cva_pv_scratch_test9,7GB,none,false,0GB,0GB,-,-,-,-,7GB,193GB,-,-,-,-,noida:/grid/cva/pv_test9
noiclapa01-cls-mgt,vs0,cva_rpp_tools,noiclapa01_p1_SAS0,250GB,online,cva,/cva/cva_rpp_tools,110GB,none,false,0GB,0GB,-,-,-,-,110GB,140GB,-,-,-,-,noida:/lan/cva/rpp_tools
noiclapa01-cls-mgt,vs0,cva_slowness_test,noiclapa01_p5_SAS0,200GB,online,default,/cva/cva_slowness_test,146GB,none,false,0GB,0GB,-,-,-,-,146GB,54GB,-,-,-,-,noida:/grid/cva/pv_slowness
noiclapa01-cls-mgt,vs0,cva_source,noiclapa01_p1_SAS0,280GB,online,cva,/cva/cva_source,278GB,none,false,0GB,0GB,-,-,-,-,278GB,2GB,-,-,-,-,noida:/grid/cva/VB
noiclapa01-cls-mgt,vs0,cva_tool_XLM_nobkup,noiclapa01_p8_SATA0,700GB,online,cva,/cva/cva_tool_XLM_nobkup,302GB,none,false,0GB,0GB,-,-,-,-,302GB,398GB,-,-,-,-,noida:/grid/cva/XLM
noiclapa01-cls-mgt,vs0,cva_vb_scratch,noiclapa01_p2_SAS1_RESERVED_HSV,2048GB,online,cva,/cva/cva_vb_scratch,542GB,none,false,0GB,619GB,-,-,-,-,1161GB,887GB,-,-,-,-,noida:/lan/cva/vb_scratch
noiclapa01-cls-mgt,vs0,cva_view,noiclapa01_p1_SAS0,700GB,online,cva,/cva/cva_view,375GB,none,false,0GB,61GB,-,-,-,-,436GB,264GB,-,-,-,-,noida:/grid/cva/viewstore
noiclapa01-cls-mgt,vs0,cva_vobstore,noiclapa01_p1_SAS0,50GB,online,cva,/cva/cva_vobstore,27GB,none,false,0GB,0GB,-,-,-,-,27GB,23GB,-,-,-,-,noida:/grid/cva/vobstore
noiclapa01-cls-mgt,vs0,cvapv_sa,noiclapa01_p1_SAS0,95GB,online,cva,/cva/cvapv_sa,4GB,none,false,0GB,0GB,-,-,-,-,4GB,91GB,-,-,-,-,noida:/hm/asdsqa
noiclapa01-cls-mgt,vs0,ddi_infra_rd_001,noiclapa01_p8_SAS0,2000GB,online,default,/vols/ddi_infra_rd_001,0GB,default,false,0GB,0GB,-,-,-,-,0GB,2000GB,-,-,-,-,-
noiclapa01-cls-mgt,vs0,denali_cvs,noiclapa01_p1_SAS0,2GB,online,denali,/vol/denali_cvs,0GB,none,false,0GB,0GB,-,-,-,-,0GB,2GB,-,-,-,-,noida:/lan/dsoft/cvs
noiclapa01-cls-mgt,vs0,denali_designIP,noiclapa01_s1_SATA0,5GB,online,denali,/vol/denali_designIP,0GB,none,false,0GB,0GB,-,-,-,-,0GB,5GB,-,-,-,-,noida:/hm/designIP
noiclapa01-cls-mgt,vs0,denali_pcie,noiclapa01_p2_SAS0,7680GB,online,default,/vols/denali_pcie,5688GB,default,false,0GB,0GB,-,-,-,-,5688GB,1992GB,-,-,-,-,noida:/lan/dsoft/pcie
noiclapa01-cls-mgt,vs0,denali_project_vol04,noiclapa01_p7_SAS0,2048GB,online,default,/ipg/denali_project_vol04,284GB,it-noida,false,0GB,201GB,-,-,-,-,485GB,1563GB,-,-,-,-,noida:/lan/dsoft/proj_vol04
noiclapa01-cls-mgt,vs0,denali_scratch_pcie,noiclapa01_p1_SAS0,15712GB,online,default,/vols/denali_scratch_pcie,13848GB,none,false,0GB,0GB,-,-,-,-,13848GB,1864GB,-,-,-,-,noida:/lan/dsoft/scratch02
noiclapa01-cls-mgt,vs0,denali_scratch_vol03,noiclapa01_p7_SAS0,12288GB,online,default,/ipg/denali_scratch_vol03,12014GB,none,false,0GB,0GB,-,-,-,-,12014GB,274GB,-,-,-,-,noida:/lan/dsoft/scratch03
noiclapa01-cls-mgt,vs0,denali_scratch_vol04,noiclapa01_p8_SAS0,5120GB,online,default,/ipg/denali_scratch_vol04,845GB,none,false,0GB,52GB,-,-,-,-,897GB,4223GB,-,-,-,-,noida:/lan/dsoft/scratch04
noiclapa01-cls-mgt,vs0,denali_t1b_project_vol03,noiclapa01_p7_SAS0,2048GB,online,denali,/ipg/denali_t1b_project_vol03,976GB,8-hours,false,0GB,423GB,-,-,-,-,1399GB,649GB,-,-,-,-,noida:/lan/dsoft/usb
noiclapa01-cls-mgt,vs0,denali_t1nb_scratch_usbssp,noiclapa01_p8_SAS0,5120GB,online,denali,/ipg/denali_t1nb_scratch_usbssp,1649GB,none,false,0GB,542GB,-,-,-,-,2191GB,2929GB,-,-,-,-,noida:/lan/dsoft/scratch01
noiclapa01-cls-mgt,vs0,dfm_assura1,noiclapa01_p1_SAS0,160GB,online,default,/sev/dfm_assura1,154GB,none,false,0GB,0GB,-,-,-,-,154GB,6GB,-,-,-,-,noida:/servers/dfmstore1
noiclapa01-cls-mgt,vs0,dfm_dft_data,noiclapa01_p2_SAS0,125GB,online,default,/sev/dfm_dft_data,109GB,none,false,0GB,0GB,-,-,-,-,109GB,16GB,-,-,-,-,noida:/sev/grp_rd_eps01
noiclapa01-cls-mgt,vs0,dig_verification,noiclapa01_s1_SATA0,3264GB,online,default,/vol/dig_verification,2012GB,none,false,0GB,596GB,-,-,-,-,2608GB,656GB,-,-,-,-,noida:/servers/dig_verification
noiclapa01-cls-mgt,vs0,digic_celtic,noiclapa01_s1_SATA0,210GB,online,icd,/icd/digic_celtic,146GB,none,false,0GB,0GB,-,-,-,-,146GB,64GB,-,-,-,-,noida:/grid/icd/icdcm
noiclapa01-cls-mgt,vs0,digic_pearl,noiclapa01_p1_SAS0,230GB,online,icd,/icd/digic_pearl,190GB,none,false,0GB,0GB,-,-,-,-,190GB,40GB,-,-,-,-,noida:/grid/icd/timing
noiclapa01-cls-mgt,vs0,digic_soce,noiclapa01_p1_SAS0,860GB,online,icd,/icd/digic_soce,366GB,none,false,0GB,114GB,-,-,-,-,480GB,380GB,-,-,-,-,noida:/grid/icd/soce_in
noiclapa01-cls-mgt,vs0,digic_soce,noiclapa01_p1_SAS0,860GB,online,icd,/icd/digic_soce,366GB,none,false,0GB,114GB,-,soce_ext_in_reg,250GB,0GB,-,-,-,-,-,-,-
noiclapa01-cls-mgt,vs0,digic_timing,noiclapa01_s1_SATA0,360GB,online,icd,/icd/digic_timing,300GB,none,false,0GB,0GB,-,-,-,-,300GB,60GB,-,-,-,-,noida:/hm/fetiming
noiclapa01-cls-mgt,vs0,dscratch02,noiclapa01_p8_SAS0,4079GB,online,default,/vols/dscratch02,3260GB,none,false,0GB,1302GB,-,-,-,-,4562GB,-483GB,-,-,-,-,noida:/lan/dscratch/aadityap
noiclapa01-cls-mgt,vs0,dv_SunOS_x86,noiclapa01_p1_SAS0,600GB,online,avs,/avs/dv_SunOS_x86,76GB,none,false,0GB,78GB,-,-,-,-,154GB,446GB,-,-,-,-,noida:/dvplats/s10_x86
noiclapa01-cls-mgt,vs0,dv_SunOS_x86_tools,noiclapa01_p1_SAS0,150GB,online,avs,/avs/dv_SunOS_x86_tools,79GB,none,false,0GB,0GB,-,-,-,-,79GB,71GB,-,-,-,-,noida:/dvplats/s10_x86_tools
noiclapa01-cls-mgt,vs0,dv_archive,noiclapa01_p5_SAS0,1024GB,online,Read-Only,/avs/dv_archive,70GB,none,false,0GB,0GB,-,-,-,-,70GB,954GB,-,-,-,-,noida:/vols/dv_archive
noiclapa01-cls-mgt,vs0,dv_autointeg,noiclapa01_p1_SAS0,5GB,online,avs,/avs/dv_autointeg,0GB,none,false,0GB,0GB,-,-,-,-,0GB,5GB,-,-,-,-,noida:/dv/autointeg
noiclapa01-cls-mgt,vs0,dv_ep_new,noiclapa01_p1_SAS0,1228GB,online,avs,/avs/dv_ep_new,95GB,none,false,0GB,10GB,-,-,-,-,105GB,1123GB,-,-,-,-,noida:/dv/ep
noiclapa01-cls-mgt,vs0,dv_linux,noiclapa01_p5_SAS0,1500GB,online,avs,/avs/dv_linux,1262GB,none,false,0GB,0GB,-,-,-,-,1262GB,238GB,-,-,-,-,noida:/servers/dv_linux
noiclapa01-cls-mgt,vs0,dv_locks,noiclapa01_p6_SAS0,10GB,online,avs,/avs/dv_locks,0GB,none,false,0GB,0GB,-,-,-,-,0GB,10GB,-,-,-,-,noida:/dv/locks
noiclapa01-cls-mgt,vs0,dv_project,noiclapa01_p5_SAS0,11366GB,online,avs,/avs/dv_project,7086GB,none,false,0GB,4448GB,-,-,-,-,11534GB,-168GB,-,-,-,-,noida:/dvplats/Linux
noiclapa01-cls-mgt,vs0,dv_project1,noiclapa01_p7_SAS0,1024GB,online,avs,/avs/dv_project1,39GB,default,false,0GB,0GB,-,-,-,-,39GB,985GB,-,-,-,-,noida:/vols/dv_project1
noiclapa01-cls-mgt,vs0,dv_reviewboard,noiclapa01_p1_SAS0,10GB,online,avs,/avs/dv_reviewboard,0GB,none,false,0GB,0GB,-,-,-,-,0GB,10GB,-,-,-,-,noida:/dv/reviewboard
noiclapa01-cls-mgt,vs0,dv_sc_header_integ_t2nb,noiclapa01_s1_SATA0,500GB,online,avs,/avs/dv_sc_header_integ_t2nb,341GB,default,false,0GB,0GB,-,-,-,-,341GB,159GB,-,-,-,-,noida:/dvplats/sc_header_integ
noiclapa01-cls-mgt,vs0,dv_scratch_bk,noiclapa01_s1_SATA0,1024GB,online,avs,/avs/dv_scratch_bk,878GB,none,false,0GB,170GB,-,-,-,-,1048GB,-24GB,-,-,-,-,noida:/servers/dv_scratch_bk
noiclapa01-cls-mgt,vs0,eps2,noiclapa01_p7_SAS0,200GB,online,default,/vols/eps2,94GB,default,false,0GB,0GB,-,-,-,-,94GB,106GB,-,-,-,-,noida:/icd/eps2
noiclapa01-cls-mgt,vs0,esd_noida,noiclapa01_p7_SAS0,1000GB,online,tfo,/tfo/esd_noida,108GB,none,false,0GB,0GB,-,-,-,-,108GB,892GB,true,-,-,-,noida:/servers/esd_noida
noiclapa01-cls-mgt,vs0,et_noi_T1_vol01,noiclapa01_p2_SAS0,210GB,online,fed,/fed/et_noi_T1_vol01,206GB,none,false,0GB,0GB,-,-,-,-,206GB,4GB,-,-,-,-,noida:/servers/etstore2
noiclapa01-cls-mgt,vs0,ethernetphy,noiclapa01_p2_SAS0,1024GB,online,default,/vols/ethernetphy,657GB,none,false,0GB,650GB,-,-,-,-,1307GB,-283GB,-,-,-,-,noida:/projects/ethernetphy
noiclapa01-cls-mgt,vs0,fac_regression,noiclapa01_s1_SATA0,400GB,online,default,/vols/fac_regression,65GB,none,false,0GB,0GB,-,-,-,-,65GB,335GB,-,-,-,-,noida:/fac/regression
noiclapa01-cls-mgt,vs0,fattire,noiclapa01_p5_SAS0,500GB,online,default,/vols/fattire,426GB,none,false,0GB,0GB,-,-,-,-,426GB,74GB,-,-,-,-,noida:/projects/fattire
noiclapa01-cls-mgt,vs0,fed_T1B_v9201,noiclapa01_p6_SAS0,50GB,online,fed,/fed/fed_T1B_v9201,0GB,none,false,0GB,0GB,-,-,-,-,0GB,50GB,-,-,-,-,noida:/hm/viviank
noiclapa01-cls-mgt,vs0,fed_T1_3211,noiclapa01_p5_SAS0,800GB,online,fed,/vol/fed_T1_3211,668GB,none,false,0GB,234GB,-,-,-,-,902GB,-102GB,-,-,-,-,noida:/lan/fed/et_xl
noiclapa01-cls-mgt,vs0,fed_T2B_5210,noiclapa01_s1_SATA0,1638GB,online,fed,/fed/fed_T2B_5210,1252GB,none,false,0GB,538GB,-,-,-,-,1790GB,-152GB,-,-,-,-,noida:/lan/fed/etrdsbox
noiclapa01-cls-mgt,vs0,fed_T2B_v0202,noiclapa01_s1_SATA0,200GB,online,fed,/fed/fed_T2B_v0202,192GB,none,false,0GB,0GB,-,-,-,-,192GB,8GB,-,-,-,-,noida:/lan/fed/fed_T2B_vol0202
noiclapa01-cls-mgt,vs0,fed_T2B_v9201,noiclapa01_s1_SATA0,700GB,online,fed,/fed/fed_T2B_v9201,285GB,none,false,0GB,737GB,-,-,-,-,1022GB,-322GB,-,-,-,-,noida:/lan/fed/fed_T2B_v9201
noiclapa01-cls-mgt,vs0,fed_T2_5311,noiclapa01_p8_SATA0,200GB,online,fed,/fed/fed_T2_5311,191GB,none,false,0GB,0GB,-,-,-,-,191GB,9GB,-,-,-,-,noida:/lan/fed/fed_T2_5311
noiclapa01-cls-mgt,vs0,fed_T2_6303,noiclapa01_p7_SAS0,500GB,online,fed,/fed/fed_T2_6303,498GB,none,false,0GB,0GB,-,-,-,-,498GB,2GB,-,-,-,-,noida:/lan/fed/fed_T2_6303
noiclapa01-cls-mgt,vs0,fed_noi_T2_vol03,noiclapa01_s1_SATA0,1290GB,online,Read-Only,/fed/fed_noi_T2_vol03,535GB,none,false,0GB,376GB,-,-,-,-,911GB,379GB,-,-,-,-,-
noiclapa01-cls-mgt,vs0,fed_temporary_space,noiclapa01_p7_SAS0,1024GB,offline,fed,-,-,none,false,-,-,-,-,-,-,-,-,-,-,-,-,-
noiclapa01-cls-mgt,vs0,fed_temporary_space_till25thAug2021,noiclapa01_p7_SAS0,4024GB,online,fed,/vols/fed_temporary_space,3539GB,none,false,0GB,0GB,-,-,-,-,3539GB,485GB,-,dushyant,wmeyer,Digital_&_Signoff_Group,noida:/vols/fed_temporary_space
noiclapa01-cls-mgt,vs0,fed_vol01,noiclapa01_p1_SAS0,2662GB,online,fed,/vol/fed_vol01,2167GB,none,false,0GB,56GB,-,-,-,-,2223GB,439GB,-,-,-,-,-
noiclapa01-cls-mgt,vs0,flex_user,noiclapa01_p6_SAS0,10GB,online,cic,/p4/flex_user,0GB,default,false,0GB,0GB,-,-,-,-,0GB,10GB,-,-,-,-,noida:/grid/cic/flex_user
noiclapa01-cls-mgt,vs0,flex_vol_atulg,noiclapa01_p6_SAS0,60GB,online,cic,/p4/flex_vol_atulg,29GB,default,false,0GB,0GB,-,-,-,-,29GB,31GB,-,-,-,-,noida:/grid/cic/flex_clone1
noiclapa01-cls-mgt,vs0,flex_vol_atulg_flexclone1,noiclapa01_p6_SAS0,60GB,online,cic,/p4/flex_vol_atulg_flexclone1,32GB,default,true,0GB,0GB,flex_vol_atulg,-,-,-,32GB,28GB,-,-,-,-,noida:/grid/cic/flex_clone1
noiclapa01-cls-mgt,vs0,flexlogs,noiclapa01_p5_SAS0,5GB,online,avs,/avs/flexlogs,0GB,none,false,0GB,0GB,-,-,-,-,0GB,5GB,-,-,-,-,noida:/dv/flexlogs
noiclapa01-cls-mgt,vs0,flowtest_testing,noiclapa01_s1_SATA0,500GB,online,default,/cic/flowtest_testing,293GB,none,false,0GB,0GB,-,-,-,-,293GB,207GB,-,-,-,-,noida:/servers/flowtest_testing
noiclapa01-cls-mgt,vs0,forrest,noiclapa01_p6_SAS0,210GB,online,default,/vols/forrest,2GB,it-noida,false,0GB,0GB,-,-,-,-,2GB,208GB,-,-,-,-,noida:/projects/forrest
noiclapa01-cls-mgt,vs0,forrest_nosnap,noiclapa01_p7_SAS0,2048GB,online,default,/vols/forrest_nosnap,1703GB,none,false,0GB,250GB,-,-,-,-,1953GB,95GB,-,-,-,-,noida:/projects/forrest_nosnap
noiclapa01-cls-mgt,vs0,fsc_vol1,noiclapa01_p5_SAS0,2355GB,online,icd,/icd/fsc_vol1,2035GB,none,false,0GB,10529GB,-,-,-,-,12564GB,-10209GB,-,-,-,-,noida:/icd/flow
noiclapa01-cls-mgt,vs0,gargim_vol1,noiclapa01_p8_SAS0,160GB,online,cva,/cva/gargim_vol1,3GB,none,false,0GB,0GB,-,-,-,-,3GB,157GB,-,-,-,-,noida:/grid/cva/gargim_vol1
noiclapa01-cls-mgt,vs0,gcc_clarity3d,noiclapa01_s1_SATA0,494GB,online,gcc,/gcc/gcc_clarity3d,132GB,none,false,0GB,52GB,-,-,-,-,184GB,310GB,-,-,-,-,noida:/servers/clarity3d
noiclapa01-cls-mgt,vs0,gcc_icd_users,noiclapa01_s1_SATA0,325GB,online,icd,/icd/gcc_icd_users,310GB,none,false,0GB,0GB,-,-,-,-,310GB,15GB,-,-,-,-,noida:/ccstools/gcc-icd_users
noiclapa01-cls-mgt,vs0,gcc_vol01,noiclapa01_s1_SATA0,1150GB,online,gcc,/gcc/gcc_vol01,418GB,none,false,0GB,180GB,-,-,-,-,598GB,552GB,-,-,-,-,noida:/servers/gcc
noiclapa01-cls-mgt,vs0,graphite_data,noiclapa01_p7_SAS0,650GB,online,graphite_policy,/vols/graphite_data,411GB,it-noida,false,0GB,1394GB,-,-,-,-,1805GB,-1155GB,-,-,-,-,noida:/vols/graphite_data
noiclapa01-cls-mgt,vs0,graphite_data_new,noiclapa01_p7_SAS0,400GB,online,graphite_policy,/vols/graphite_data_new,30GB,default,false,0GB,53GB,-,-,-,-,83GB,317GB,-,-,-,-,noida:/vols/graphite_data_new
noiclapa01-cls-mgt,vs0,grid_common_vippv_t1nb,noiclapa01_p1_SAS0,10GB,online,default,/it/grid_common_vippv_t1nb,0GB,none,false,0GB,0GB,-,-,-,-,0GB,10GB,-,-,-,-,noida:/grid/common/dtm
noiclapa01-cls-mgt,vs0,grid_ilab,noiclapa01_p8_SAS0,100GB,online,default,/vols/grid_ilab,49GB,default,false,0GB,0GB,-,-,-,-,49GB,51GB,-,-,-,-,noida:/grid/ilab/vol01
noiclapa01-cls-mgt,vs0,grid_ilab_vol02,noiclapa01_p8_SAS0,50GB,online,default,/vols/grid_ilab_vol02,10GB,default,false,0GB,0GB,-,-,-,-,10GB,40GB,-,-,-,-,noida:/grid/ilab/vol02
noiclapa01-cls-mgt,vs0,grid_it_common,noiclapa01_p8_SAS0,120GB,online,rsync,/it/grid_it_common,58GB,default,false,0GB,0GB,-,-,-,-,58GB,62GB,-,-,-,-,noida:/grid/it/bin
noiclapa01-cls-mgt,vs0,grid_madajaju,noiclapa01_p2_SAS0,60GB,online,default,/it/grid_madajaju,2GB,none,false,0GB,0GB,-,-,-,-,2GB,58GB,-,-,-,-,noida:/grid/madajaju/cots
noiclapa01-cls-mgt,vs0,grid_sfi,noiclapa01_p7_SAS0,1382GB,online,default,/it/grid_sfi,949GB,it-noida,false,0GB,50GB,-,-,-,-,999GB,383GB,-,-,-,-,noida:/grid/sfi/admin
noiclapa01-cls-mgt,vs0,grid_sfi_admin,noiclapa01_p1_SAS0,50GB,online,default,/it/grid_sfi_admin,3GB,default-1weekly,false,0GB,0GB,-,-,-,-,3GB,47GB,-,-,-,-,noida:/grid/sfi/admin
noiclapa01-cls-mgt,vs0,grid_sfi_farm1,noiclapa01_p1_SAS0,50GB,online,default,/it/grid_sfi_farm1,6GB,none,false,0GB,0GB,-,-,-,-,6GB,44GB,-,vikashg,mbao,WW_IT_ADMIN,noida:/grid/sfi/farm1
noiclapa01-cls-mgt,vs0,grp_extpv,noiclapa01_p1_SAS0,600GB,online,default,/sev/grp_extpv,567GB,none,false,0GB,166GB,-,-,-,-,733GB,-133GB,-,-,-,-,noida:/lan/dfm/grp_extpv
noiclapa01-cls-mgt,vs0,gsaurabh_vol,noiclapa01_p7_SAS0,200GB,online,cva,/cva/gsaurabh_vol,124GB,none,false,0GB,0GB,-,-,-,-,124GB,76GB,-,-,-,-,noida:/grid/cva/gsaurabh_vol
noiclapa01-cls-mgt,vs0,guptar_data,noiclapa01_p5_SAS0,10GB,online,default,/cva/guptar_data,1GB,none,false,0GB,0GB,-,-,-,-,1GB,9GB,-,-,-,-,noida:/grid/cva/guptar_test
noiclapa01-cls-mgt,vs0,guptar_vol1,noiclapa01_p8_SAS0,200GB,online,cva,/cva/guptar_vol1,103GB,none,false,0GB,0GB,-,-,-,-,103GB,97GB,-,-,-,-,noida:/grid/cva/guptar_vol1
noiclapa01-cls-mgt,vs0,haifa_scratch,noiclapa01_p1_SAS0,700GB,online,default,/vols/haifa_scratch,42GB,none,false,0GB,19GB,-,-,-,-,61GB,639GB,-,-,-,-,noida:/tool/jg_space3
noiclapa01-cls-mgt,vs0,harsha_vol1,noiclapa01_p7_SAS0,200GB,online,cva,/cva/harsha_vol1,154GB,none,false,0GB,0GB,-,-,-,-,154GB,46GB,-,-,-,-,noida:/grid/cva/harsha_vol1
noiclapa01-cls-mgt,vs0,hdmidp,noiclapa01_p2_SAS0,3072GB,online,default,/avs/hdmidp,1264GB,none,false,0GB,173GB,-,-,-,-,1437GB,1635GB,-,-,-,-,noida:/projects/hdmidp
noiclapa01-cls-mgt,vs0,hgroot_noida,noiclapa01_p2_SAS0,1000GB,online,default,/vols/hgroot_noida,174GB,it-noida,false,0GB,102GB,-,-,-,-,276GB,724GB,-,-,-,-,noida:/tool/hgroot
noiclapa01-cls-mgt,vs0,hierflow,noiclapa01_s1_SATA0,1024GB,online,icd,/icd/hierflow,950GB,it-noida,false,0GB,11GB,-,-,-,-,961GB,63GB,-,-,-,-,noida:/icd/hierflow
noiclapa01-cls-mgt,vs0,hls_lgb,noiclapa01_p1_SAS0,200GB,online,default,/vols/hls_lgb,72GB,none,false,0GB,0GB,-,-,-,-,72GB,128GB,-,-,-,-,noida:/hls/lgb
noiclapa01-cls-mgt,vs0,hls_release,noiclapa01_p1_SAS0,200GB,online,default,/vols/hls_release,132GB,none,false,0GB,0GB,-,-,-,-,132GB,68GB,-,-,-,-,noida:/hls/release
noiclapa01-cls-mgt,vs0,home_webstorage_noida,noiclapa01_s1_SATA0,10GB,online,it,/it/home_webstorage_noida,0GB,it-noida,false,0GB,0GB,-,-,-,-,0GB,10GB,-,-,-,-,noida:/grid/it/webstorage
noiclapa01-cls-mgt,vs0,hsv_t1b_p4_02,noiclapa01_p8_SAS0,2560GB,online,cva,/cva/hsv_t1b_p4_02,905GB,hsv_p4,false,0GB,1655GB,-,-,-,-,2560GB,0GB,-,-,-,-,noida:/grid/cva/p4_02
noiclapa01-cls-mgt,vs0,icd_ccache_t1nb,noiclapa01_p8_SAS0,200GB,online,icd,/icd/icd_ccache_t1nb,6GB,none,false,0GB,12GB,-,-,-,-,18GB,182GB,-,atulg,daveu,Custom_IC_&_PCB_Group,noida:/icd/ccache
noiclapa01-cls-mgt,vs0,icd_cmstore2,noiclapa01_s1_SATA0,2355GB,online,icd,/icd/icd_cmstore2,2058GB,none,false,0GB,1096GB,-,-,-,-,3154GB,-799GB,-,-,-,-,noida:/eng/kits
noiclapa01-cls-mgt,vs0,icd_common,noiclapa01_p6_SAS0,250GB,online,icd,/icd/icd_common,5GB,none,false,0GB,0GB,-,-,-,-,5GB,245GB,-,atulg,daveu,Custom_IC_&_PCB_Group,noida:/icd/common
noiclapa01-cls-mgt,vs0,icd_dsk_home,noiclapa01_p1_SAS0,120GB,online,icd,/icd/icd_dsk_home,111GB,none,false,0GB,0GB,-,-,-,-,111GB,9GB,-,-,-,-,noida:/hm/babita
noiclapa01-cls-mgt,vs0,icd_ft,noiclapa01_p5_SAS0,30GB,online,default,/icd/icd_ft,0GB,none,false,0GB,0GB,-,-,-,-,0GB,30GB,-,-,-,-,noida:/icd/ft
noiclapa01-cls-mgt,vs0,icd_ipostore,noiclapa01_p2_SAS0,110GB,online,icd,/icd/icd_ipostore,108GB,none,false,0GB,0GB,-,-,-,-,108GB,2GB,-,-,-,-,noida:/servers/ipostore
noiclapa01-cls-mgt,vs0,icd_mig,noiclapa01_p6_SAS0,700GB,online,default,/icd/icd_mig,264GB,it-noida,false,0GB,157GB,-,-,-,-,421GB,279GB,-,-,-,-,noida:/grid/icd/fepv
noiclapa01-cls-mgt,vs0,icd_vol02,noiclapa01_s1_SATA0,200GB,online,icd,/icd/icd_vol02,173GB,none,false,0GB,0GB,-,-,-,-,173GB,27GB,-,-,-,-,noida:/icd/SOC33
noiclapa01-cls-mgt,vs0,icd_vpsstore1,noiclapa01_p2_SAS0,200GB,online,icd,/icd/icd_vpsstore1,6GB,none,false,0GB,0GB,-,-,-,-,6GB,194GB,-,-,-,-,noida:/icd/vpsstore1
noiclapa01-cls-mgt,vs0,icdp4India_p4store_t1b,noiclapa01_p7_SAS0,1024GB,online,icd,/icd/icdp4India_p4store_t1b,102GB,none,false,0GB,27GB,-,-,-,-,129GB,895GB,-,atulg,daveu,Custom_IC_&_PCB_Group,noida:/servers/p4store
noiclapa01-cls-mgt,vs0,icdpv_write_vol01,noiclapa01_p6_SAS0,300GB,online,default,/icd/icdpv_write_vol01,11GB,it-noida,false,0GB,0GB,-,-,-,-,11GB,289GB,-,-,-,-,noida:/icd/ctepvtest52
noiclapa01-cls-mgt,vs0,ifx_6070,noiclapa01_p1_SAS0,120GB,online,cic,/cic/ifx_6070,85GB,none,false,0GB,0GB,-,-,-,-,85GB,35GB,-,-,-,-,noida:/servers/ifx_6070
noiclapa01-cls-mgt,vs0,il_rels_all,noiclapa01_s2_SATA0,4915GB,online,default,/avs/il_rels_all,4688GB,none,false,0GB,4922GB,-,-,-,-,9610GB,-4695GB,-,-,-,-,noida:/servers/il_data
noiclapa01-cls-mgt,vs0,import,noiclapa01_p6_SAS0,225GB,online,default,/p4/p4Cmnd/import,0GB,none,false,0GB,0GB,-,-,-,-,0GB,225GB,-,-,-,-,noida:/vols/import
noiclapa01-cls-mgt,vs0,inciccm_v11,noiclapa01_p1_SAS0,500GB,online,cic,/cic/inciccm_v11,139GB,none,false,0GB,162GB,-,-,-,-,301GB,199GB,true,-,-,-,noida:/grid/cic/IC5.10.41
noiclapa01-cls-mgt,vs0,inciccm_v41,noiclapa01_s1_SATA0,1157GB,online,cic,/cic/inciccm_v41,1044GB,none,false,0GB,1627GB,-,-,-,-,2671GB,-1514GB,-,-,-,-,noida:/grid/cic/BH
noiclapa01-cls-mgt,vs0,incicpv_ifx,noiclapa01_p2_SAS0,120GB,online,default,/vol/incicpv_ifx,23GB,none,false,0GB,0GB,-,-,-,-,23GB,97GB,-,-,-,-,noida:/servers/incicpv_ifx
noiclapa01-cls-mgt,vs0,incicpv_ifx2,noiclapa01_s1_SATA0,120GB,online,cic,/cic/incicpv_ifx2,95GB,none,false,0GB,0GB,-,-,-,-,95GB,25GB,-,-,-,-,noida:/servers/ifx_960
noiclapa01-cls-mgt,vs0,incicpv_perf,noiclapa01_p8_SAS0,1024GB,online,cic,/cic/incicpv_perf,790GB,none,false,0GB,697GB,-,-,-,-,1487GB,-463GB,-,-,-,-,noida:/servers/incicpv_perf
noiclapa01-cls-mgt,vs0,incicpv_v1,noiclapa01_s1_SATA0,100GB,online,cic,/cic/incicpv_v1,76GB,default,false,0GB,0GB,-,-,-,-,76GB,24GB,-,-,-,-,noida:/servers/incicpv_v1
noiclapa01-cls-mgt,vs0,incicpv_v2,noiclapa01_s1_SATA0,50GB,online,cic,/cic/incicpv_v2,50GB,default,false,0GB,0GB,-,-,-,-,50GB,0GB,true,-,-,-,noida:/servers/incicpv_v2
noiclapa01-cls-mgt,vs0,incicpv_v3,noiclapa01_s1_SATA0,200GB,online,cic,/cic/incicpv_v3,200GB,default,false,0GB,0GB,-,-,-,-,200GB,0GB,-,-,-,-,noida:/servers/incicpv_v3
noiclapa01-cls-mgt,vs0,incicpv_v4,noiclapa01_s1_SATA0,550GB,online,cic,/cic/incicpv_v4,493GB,none,false,0GB,153GB,-,-,-,-,646GB,-96GB,-,-,-,-,noida:/servers/incicpv_v4
noiclapa01-cls-mgt,vs0,incicpv_v5,noiclapa01_p8_SATA0,1226GB,online,cic,/cic/incicpv_v5,259GB,default,false,0GB,1GB,-,-,-,-,260GB,966GB,true,-,-,-,noida:/servers/incicpv_v5
noiclapa01-cls-mgt,vs0,incicpv_v6,noiclapa01_p8_SATA0,12GB,offline,cic,-,-,none,false,-,-,-,-,-,-,-,-,-,-,-,-,-
noiclapa01-cls-mgt,vs0,incicpv_v7,noiclapa01_p8_SATA0,1126GB,online,cic,/cic/incicpv_v7,928GB,it-noida,false,0GB,944GB,-,-,-,-,1872GB,-746GB,-,-,-,-,noida:/servers/incicpv_v7
noiclapa01-cls-mgt,vs0,incicpv_v8,noiclapa01_s1_SATA0,3276GB,online,cic,/cic/incicpv_v8,2471GB,it-noida,false,0GB,0GB,-,-,-,-,2471GB,805GB,-,-,-,-,noida:/servers/incicpv_v8
noiclapa01-cls-mgt,vs0,indago,noiclapa01_s1_SATA0,1024GB,online,avs,/vols/indago,859GB,none,false,0GB,231GB,-,-,-,-,1090GB,-66GB,-,-,-,-,noida:/vols/INDAGO
noiclapa01-cls-mgt,vs0,infosec_vol01,noiclapa01_p8_SAS0,100GB,online,default,/vols/infosec_vol01,14GB,default,false,0GB,0GB,-,-,-,-,14GB,86GB,true,-,-,-,noida:/vols/infosec_vol01
noiclapa01-cls-mgt,vs0,ipg_sdhc,noiclapa01_p2_SAS0,2048GB,online,default,/avs/ipg_sdhc,749GB,none,false,0GB,174GB,-,-,-,-,923GB,1125GB,-,-,-,-,noida:/projects/SDHC
noiclapa01-cls-mgt,vs0,it_home,noiclapa01_p8_SAS0,3260GB,online,default,/it/it_home,3014GB,default,false,0GB,0GB,-,-,-,-,3014GB,246GB,-,-,-,-,noida:/hm/Spreeti
noiclapa01-cls-mgt,vs0,it_oracle_images,noiclapa01_s1_SATA0,50GB,online,oracle,/oracle/it_oracle_images,35GB,none,false,0GB,0GB,-,-,-,-,35GB,15GB,-,-,-,-,-
noiclapa01-cls-mgt,vs0,jasper_fav_scripts,noiclapa01_s1_SATA0,1GB,online,jasper_scripts,/jasper/jasper_fav_scripts,0GB,it-noida,false,0GB,0GB,-,-,-,-,0GB,1GB,-,-,-,-,noida:/tool/fav_scripts
noiclapa01-cls-mgt,vs0,jasper_reg_diva,noiclapa01_s1_SATA0,10GB,online,default,/vols/jasper_reg_diva,0GB,none,false,0GB,0GB,-,-,-,-,0GB,10GB,-,-,-,-,noida:/hm/reg_diva
noiclapa01-cls-mgt,vs0,jasper_stor_home,noiclapa01_p5_SAS0,975GB,online,jasper,/jasper/jasper_stor_home,873GB,1-weekly,false,0GB,2924GB,-,-,-,-,3797GB,-2822GB,-,-,-,-,noida:/hm/reg
noiclapa01-cls-mgt,vs0,jasper_valve5,noiclapa01_p1_SAS0,7372GB,online,jasper,/jasper/jasper_valve5,6890GB,none,false,0GB,6153GB,-,-,-,-,13043GB,-5671GB,-,-,-,-,noida:/depot/external
noiclapa01-cls-mgt,vs0,jenkins_data,noiclapa01_s1_SATA0,1024GB,online,default,/vols/jenkins_data,370GB,none,false,0GB,162GB,-,-,-,-,532GB,492GB,-,-,-,-,noida:/vols/jenkins_data
noiclapa01-cls-mgt,vs0,jenkins_space,noiclapa01_p5_SAS0,150GB,online,default,/vols/jenkins_space,0GB,none,false,0GB,0GB,-,-,-,-,0GB,150GB,-,-,-,-,noida:/servers/jenkins
noiclapa01-cls-mgt,vs0,jg_t1b_build,noiclapa01_p8_SAS0,4710GB,online,default,/vols/jg_t1b_build,2658GB,1D1W,false,0GB,1281GB,-,-,-,-,3939GB,771GB,-,-,-,-,noida:/tool/jg_space1
noiclapa01-cls-mgt,vs0,jg_t2b_test,noiclapa01_s1_SATA0,1536GB,online,default,/vols/jg_t2b_test,1027GB,1D1W,false,0GB,612GB,-,-,-,-,1639GB,-103GB,-,-,-,-,noida:/tool/jg_space2
noiclapa01-cls-mgt,vs0,jganesh_vol,noiclapa01_p2_SAS0,150GB,online,cva,/cva/jganesh_vol,1GB,none,false,0GB,0GB,-,-,-,-,1GB,149GB,-,-,-,-,noida:/grid/cva/jganesh_vol
noiclapa01-cls-mgt,vs0,jganesh_vol1,noiclapa01_p8_SAS0,150GB,online,cva,/cva/jganesh_vol1,0GB,default,false,0GB,0GB,-,-,-,-,0GB,150GB,-,-,-,-,noida:/vols/jganesh_vol1
noiclapa01-cls-mgt,vs0,kat_USBHS,noiclapa01_p6_SAS0,700GB,online,default,/vols/kat_USBHS,23GB,none,false,0GB,0GB,-,-,-,-,23GB,677GB,-,-,-,-,noida:/projects/USBHS
noiclapa01-cls-mgt,vs0,kb_backup,noiclapa01_p5_SAS0,50GB,online,default,/vols/kb_backup,42GB,none,false,0GB,0GB,-,-,-,-,42GB,8GB,-,-,-,-,noida:/vols/kb_backup
noiclapa01-cls-mgt,vs0,kumard_vol,noiclapa01_p1_SAS0,150GB,online,cva,/cva/kumard_vol,3GB,none,false,0GB,0GB,-,-,-,-,3GB,147GB,-,-,-,-,noida:/grid/cva/kumard_vol
noiclapa01-cls-mgt,vs0,kumard_vol1,noiclapa01_p8_SAS0,150GB,online,cva,/cva/kumard_vol1,0GB,default,false,0GB,0GB,-,-,-,-,0GB,150GB,-,-,-,-,noida:/vols/kumard_vol1
noiclapa01-cls-mgt,vs0,kunal_testvol,noiclapa01_p8_SATA0,250GB,online,it,/it/kunal_testvol,137GB,none,false,0GB,0GB,-,-,-,-,137GB,113GB,-,-,-,-,noida:/servers/kunal_testvol
noiclapa01-cls-mgt,vs0,lbansal_nrm_nocc_final,noiclapa01_p5_SAS0,80GB,online,default,/p4/p4m/lbansal_nrm_nocc_final,44GB,none,false,0GB,0GB,-,-,-,-,44GB,36GB,-,-,-,-,noida:/vols/lbansal_nrm_nocc_final
noiclapa01-cls-mgt,vs0,lbansal_nrm_nocc_test,noiclapa01_p6_SAS0,150GB,online,default,/p4/p4m/lbansal_nrm_nocc_test,22GB,none,false,0GB,0GB,-,-,-,-,22GB,128GB,-,-,-,-,noida:/vols/lbansal_nrm_nocc_test
noiclapa01-cls-mgt,vs0,lbansal_nrm_snapview_test,noiclapa01_p6_SAS0,100GB,online,default,/p4/p4m/lbansal_nrm_snapview_test,25GB,none,false,0GB,0GB,-,-,-,-,25GB,75GB,-,-,-,-,noida:/vols/lbansal_nrm_snapview_test
noiclapa01-cls-mgt,vs0,mauj_test,noiclapa01_s1_SATA0,50GB,online,default,/vols/mauj_test,0GB,default,false,0GB,0GB,-,-,-,-,0GB,50GB,-,-,-,-,noida:/vols/mauj_test
noiclapa01-cls-mgt,vs0,mfg_release,noiclapa01_s2_SATA0,100GB,online,default,/vols/mfg_release,20GB,none,false,0GB,0GB,-,-,-,-,20GB,80GB,-,evneet,kongthai,Custom_IC_&_PCB_Group,noida:/lan/mfg/release
noiclapa01-cls-mgt,vs0,mmsimcm_v1,noiclapa01_p1_SAS0,50GB,online,cic,/cic/mmsimcm_v1,0GB,none,false,0GB,0GB,-,-,-,-,0GB,50GB,-,-,-,-,noida:/grid/cic/mmsimcm_v1
noiclapa01-cls-mgt,vs0,modus_asan_runs,noiclapa01_p6_SAS0,4608GB,online,default,/vols/modus_asan_runs,3530GB,none,false,0GB,0GB,-,-,-,-,3530GB,1078GB,-,-,-,-,noida:/vols/modus_asan_runs
noiclapa01-cls-mgt,vs0,mroy_vol1,noiclapa01_p7_SAS0,200GB,online,cva,/cva/mroy_vol1,0GB,none,false,0GB,0GB,-,-,-,-,0GB,200GB,-,-,-,-,noida:/grid/cva/mroy_vol1
noiclapa01-cls-mgt,vs0,nagios_backup,noiclapa01_p8_SATA0,215GB,online,default,/vols/nagios_backup,176GB,none,false,0GB,0GB,-,-,-,-,176GB,39GB,-,-,-,-,noida:/vols/nagios_backup
noiclapa01-cls-mgt,vs0,noi01nb01_DR,noiclapa01_s1_SATA0,5GB,online,it,/it/noi01nb01_DR,0GB,it-noida,false,0GB,0GB,-,-,-,-,0GB,5GB,-,-,-,-,noida:/vols/noi01nb01_DR
noiclapa01-cls-mgt,vs0,noi02nb01_DR,noiclapa01_p5_SAS0,10GB,online,it,/it/noi02nb01_DR,0GB,it-noida,false,0GB,0GB,-,-,-,-,0GB,10GB,-,-,-,-,noida:/vols/noi02nb01_DR
noiclapa01-cls-mgt,vs0,noi02nb03_D2D_Vol1,noiclapa01_p8_SATA1_TMP_BKP,57344GB,online,default,/vols/noi02nb03_D2D_Vol1,56744GB,none,false,0GB,0GB,-,-,-,-,56744GB,600GB,-,-,-,-,-
noiclapa01-cls-mgt,vs0,noi_db_grafana,noiclapa01_p5_SAS0,850GB,online,noi_db_grafana,/vols/noi_db_grafana,531GB,none,false,0GB,0GB,-,-,-,-,531GB,319GB,-,-,-,-,noida:/vols/noi_db_grafana
noiclapa01-cls-mgt,vs0,noi_eod,noiclapa01_p7_SAS0,100GB,online,eod,/it/noi_eod,0GB,default,false,0GB,0GB,-,-,-,-,0GB,100GB,-,-,-,-,noida:/hm/eoddatastore
noiclapa01-cls-mgt,vs0,noida_ead,noiclapa01_p2_SAS0,1000GB,online,default,/vols/noida_ead,698GB,none,false,0GB,0GB,-,-,-,-,698GB,302GB,-,-,-,-,noida:/servers/noida_ead
noiclapa01-cls-mgt,vs0,noida_p4server_backup,noiclapa01_p8_SAS0,1524GB,online,noida-p4server,/vols/noida_p4server_backup,1135GB,none,false,0GB,242GB,-,-,-,-,1377GB,147GB,-,-,-,-,noida:/vols/noida_p4server_backup
noiclapa01-cls-mgt,vs0,noivdi_images,noiclapa01_p9_SAS0_RESERVED_VDI,250GB,online,default,/vols/noivdi_images,65GB,default,false,0GB,68GB,-,-,-,-,133GB,117GB,-,-,-,-,-
noiclapa01-cls-mgt,vs0,noiwebdb_backup,noiclapa01_p6_SAS0,500GB,online,default,/vols/noiwebdb_backup,263GB,none,false,0GB,0GB,-,-,-,-,263GB,237GB,-,-,-,-,noida:/vols/noiwebdb_backup
noiclapa01-cls-mgt,vs0,p4Cmnd,noiclapa01_p5_SAS0,100GB,online,Read-Only,/p4/p4Cmnd,0GB,none,false,0GB,0GB,-,-,-,-,0GB,100GB,-,-,-,-,noida:/vols/import
noiclapa01-cls-mgt,vs0,p4Cusers01nd,noiclapa01_p5_SAS0,100GB,online,Read-Only,/p4/p4Cusers01nd,1GB,none,false,0GB,0GB,-,-,-,-,1GB,99GB,-,-,-,-,noida:/vols/p4Cusers01nd
noiclapa01-cls-mgt,vs0,p4_ptm,noiclapa01_p8_SAS0,1024GB,online,cva,/cva/p4_ptm,344GB,hsv_p4,false,0GB,496GB,-,-,-,-,840GB,184GB,-,-,-,-,noida:/grid/cva/p4_03
noiclapa01-cls-mgt,vs0,p4_pv,noiclapa01_p8_SAS0,1024GB,online,cva,/cva/p4_pv,399GB,none,false,0GB,1011GB,-,-,-,-,1410GB,-386GB,-,-,-,-,noida:/grid/cva/p4_pv
noiclapa01-cls-mgt,vs0,p4depotdata_vipp4in,noiclapa01_p7_SAS0,5632GB,online,default,/p4/p4depotdata_vipp4in,3849GB,default,false,0GB,247GB,-,-,-,-,4096GB,1536GB,-,-,-,-,noida:/vols/p4depotdata_vipp4in
noiclapa01-cls-mgt,vs0,p4depotdata_vipp4in_abc,noiclapa01_p7_SAS0,6144GB,online,default,/p4/p4depotdata_vipp4in_abc,4142GB,default,false,0GB,342GB,-,-,-,-,4484GB,1660GB,-,-,-,-,noida:/vols/p4depotdata_vipp4in-abc
noiclapa01-cls-mgt,vs0,p4m,noiclapa01_p5_SAS0,125GB,online,avs,/p4/p4m,0GB,none,false,0GB,0GB,-,-,-,-,0GB,125GB,-,-,-,-,noida:/dv/p4m
noiclapa01-cls-mgt,vs0,p4mC,noiclapa01_p5_SAS0,125GB,online,avs,/p4/p4mC,0GB,none,false,0GB,0GB,-,-,-,-,0GB,125GB,-,-,-,-,noida:/dv/p4mC
noiclapa01-cls-mgt,vs0,p4mnd,noiclapa01_p5_SAS0,125GB,online,Read-Only,/p4/p4mnd,0GB,none,false,0GB,0GB,-,-,-,-,0GB,125GB,-,-,-,-,noida:/vols/p4mnd
noiclapa01-cls-mgt,vs0,p4users,noiclapa01_p5_SAS0,1000GB,online,Read-Only,/p4/p4users,476GB,none,false,0GB,0GB,-,-,-,-,476GB,524GB,-,-,-,-,noida:/dv/p4users
noiclapa01-cls-mgt,vs0,p4users01hsvnd,noiclapa01_p2_SAS1_RESERVED_HSV,1024GB,online,default,/p4/p4users01hsvnd,151GB,hsv_p4,false,0GB,217GB,-,-,-,-,368GB,656GB,-,-,-,-,noida:/dv/p4users01hsvnd
noiclapa01-cls-mgt,vs0,pcie_ide,noiclapa01_p8_SAS0,50GB,online,default,/vols/pcie_ide,0GB,default,false,0GB,0GB,-,-,-,-,0GB,50GB,-,-,-,-,-
noiclapa01-cls-mgt,vs0,pcie_vip_perforce,noiclapa01_p7_SAS0,300GB,online,default,/vol/pcie_vip_perforce,232GB,it-noida,false,0GB,10GB,-,-,-,-,242GB,58GB,-,-,-,-,noida:/servers/pcie_vip_perforce
noiclapa01-cls-mgt,vs0,perf,noiclapa01_p8_SATA0,3072GB,online,default,/vols/perf,1904GB,none,false,0GB,0GB,-,-,-,-,1904GB,1168GB,-,-,-,-,noida:/grid/cic/perf
noiclapa01-cls-mgt,vs0,poc_avs151_rel,noiclapa01_p6_SAS0,200GB,online,default,/p4/p4m/poc_avs151_rel,147GB,none,false,0GB,0GB,-,-,-,-,147GB,53GB,-,-,-,-,noida:/vols/poc_avs151_rel
noiclapa01-cls-mgt,vs0,poc_avs151_rel_msCust_india_sfv_noreldirs,noiclapa01_p5_SAS0,100GB,online,avs,/p4/p4mC/poc_avs151_rel_msCust_india_sfv_noreldirs,67GB,none,false,0GB,0GB,-,-,-,-,67GB,33GB,-,-,-,-,noida:/vols/poc_avs151_rel_msCust_india_sfv_noreldirs
noiclapa01-cls-mgt,vs0,process,noiclapa01_p7_SAS0,500GB,online,default,/ipg/process,0GB,default,false,0GB,0GB,-,-,-,-,0GB,500GB,-,-,-,-,noida:/process/tsmcN28
noiclapa01-cls-mgt,vs0,proj15a,noiclapa01_s1_SATA0,500GB,online,default,/vol/proj15a,400GB,default-1weekly,false,0GB,0GB,-,-,-,-,400GB,100GB,-,-,-,-,noida:/project/megha_r100_u28hlp
noiclapa01-cls-mgt,vs0,proj15a,noiclapa01_s1_SATA0,500GB,online,default,/vol/proj15a,400GB,default-1weekly,false,0GB,0GB,-,megha_r100_u28hlp,500GB,397GB,-,-,-,-,-,-,-
noiclapa01-cls-mgt,vs0,psd_psdstore7,noiclapa01_p7_SAS0,2048GB,online,spb_psd,/vol/psd_psdstore7,906GB,default,false,0GB,798GB,-,-,-,-,1704GB,344GB,-,-,-,-,noida:/servers/psdstore7
noiclapa01-cls-mgt,vs0,psf_xl_benchmark,noiclapa01_s1_SATA0,900GB,online,cic,/cic/psf_xl_benchmark,841GB,none,false,0GB,0GB,-,-,-,-,841GB,59GB,-,-,-,-,noida:/grid/cic/pdk
noiclapa01-cls-mgt,vs0,ptmExportArea,noiclapa01_p8_SATA0,128GB,online,default,/vols/ptmExportArea,8GB,none,false,0GB,0GB,-,-,-,-,8GB,120GB,-,-,-,-,noida:/lan/cva/ptmExportArea
noiclapa01-cls-mgt,vs0,pubtools_munish_temp,noiclapa01_p8_SAS0,15GB,online,default,/vols/pubtools_munish_temp,14GB,default,false,0GB,0GB,-,-,-,-,14GB,1GB,-,-,-,-,noida:/vols/pubtools
noiclapa01-cls-mgt,vs0,pv_abv_pv,noiclapa01_p1_SAS0,5GB,online,avs,/avs/pv_abv_pv,1GB,none,false,0GB,0GB,-,-,-,-,1GB,4GB,-,-,-,-,noida:/servers/abv_pv
noiclapa01-cls-mgt,vs0,pv_dv_pv,noiclapa01_p1_SAS0,270GB,online,avs,/avs/pv_dv_pv,237GB,none,false,0GB,0GB,-,-,-,-,237GB,33GB,-,-,-,-,noida:/servers/ops
noiclapa01-cls-mgt,vs0,pv_qa_repository,noiclapa01_p1_SAS0,45GB,online,avs,/avs/pv_qa_repository,38GB,none,false,0GB,0GB,-,-,-,-,38GB,7GB,-,-,-,-,noida:/servers/qa_repository
noiclapa01-cls-mgt,vs0,pv_qor_test,noiclapa01_p1_SAS0,500GB,online,default,/vols/pv_qor_test,1GB,it-noida,false,0GB,0GB,-,-,-,-,1GB,499GB,-,-,-,-,noida:/vols/pv_qor_test
noiclapa01-cls-mgt,vs0,pv_scratch_rpp,noiclapa01_s1_SATA0,2GB,online,default,/vol/pv_scratch_rpp,0GB,none,false,0GB,0GB,-,-,-,-,0GB,2GB,-,-,-,-,noida:/lan/cva/pv_scratch_rpp
noiclapa01-cls-mgt,vs0,pv_tvm,noiclapa01_p1_SAS0,125GB,online,avs,/avs/pv_tvm,124GB,none,false,0GB,0GB,-,-,-,-,124GB,1GB,-,-,-,-,noida:/servers/tvms
noiclapa01-cls-mgt,vs0,pv_voltus_t1b_001,noiclapa01_p6_SAS0,10240GB,online,default,/vols/pv_voltus_t1b_001,9785GB,none,false,0GB,2341GB,-,-,-,-,12126GB,-1886GB,-,-,-,-,noida:/vols/voltus01
noiclapa01-cls-mgt,vs0,pv_voltus_t1b_002,noiclapa01_p5_SAS0,5120GB,online,default,/vols/pv_voltus_t1b_002,4435GB,none,false,0GB,1778GB,-,-,-,-,6213GB,-1093GB,-,-,-,-,noida:/vols/voltus02
noiclapa01-cls-mgt,vs0,qrc_n16_pilot,noiclapa01_p2_SAS0,2560GB,online,default,/vols/qrc_n16_pilot,1471GB,none,false,0GB,0GB,-,-,-,-,1471GB,1089GB,-,-,-,-,noida:/servers/qrc_n16_pilot
noiclapa01-cls-mgt,vs0,r_old,noiclapa01_p7_SAS0,100GB,online,avs,/p4/r_old,0GB,default,false,0GB,0GB,-,-,-,-,0GB,100GB,-,-,-,-,noida:/rocketick/old
noiclapa01-cls-mgt,vs0,r_regress,noiclapa01_p7_SAS0,100GB,online,avs,/p4/r_regress,0GB,default,false,0GB,0GB,-,-,-,-,0GB,100GB,-,-,-,-,noida:/rocketick/local_regression
noiclapa01-cls-mgt,vs0,r_repos,noiclapa01_p7_SAS0,100GB,online,avs,/p4/r_repos,0GB,default,false,0GB,0GB,-,-,-,-,0GB,100GB,-,-,-,-,noida:/rocketick/repos
noiclapa01-cls-mgt,vs0,r_scratch,noiclapa01_p7_SAS0,1280GB,online,avs,/p4/r_scratch,759GB,default,false,0GB,727GB,-,-,-,-,1486GB,-206GB,-,-,-,-,noida:/rocketick/users
noiclapa01-cls-mgt,vs0,r_scripts,noiclapa01_p7_SAS0,100GB,online,avs,/p4/r_scripts,0GB,none,false,0GB,0GB,-,-,-,-,0GB,100GB,-,-,-,-,noida:/rocketick/scripts
noiclapa01-cls-mgt,vs0,r_tools,noiclapa01_p7_SAS0,100GB,online,avs,/p4/r_tools,10GB,default,false,0GB,14GB,-,-,-,-,24GB,76GB,-,-,-,-,noida:/rocketick/tools
noiclapa01-cls-mgt,vs0,rawath_data,noiclapa01_p5_SAS0,40GB,online,default,/cva/rawath_data,9GB,none,false,0GB,0GB,-,-,-,-,9GB,31GB,-,-,-,-,noida:/grid/cva/rawath_test
noiclapa01-cls-mgt,vs0,rels,noiclapa01_p1_SAS0,5GB,online,avs,/avs/rels,0GB,none,false,0GB,0GB,-,-,-,-,0GB,5GB,-,-,-,-,noida:/vols/rels
noiclapa01-cls-mgt,vs0,rgautamTI_project,noiclapa01_s1_SATA0,50GB,online,gcc,/gcc/rgautamTI_project,41GB,none,false,0GB,0GB,-,-,-,-,41GB,9GB,-,-,-,-,noida:/ccstools/rgautam_TI
noiclapa01-cls-mgt,vs0,rhev_backup_vol01,noiclapa01_s1_SATA0,100GB,online,rhev_backup01,/it/rhev_backup_vol01,0GB,it-noida,false,0GB,0GB,-,-,-,-,0GB,100GB,-,-,-,-,noida:/vols/rhev_backup_vol01
noiclapa01-cls-mgt,vs0,ripul_data,noiclapa01_p7_SAS0,5GB,online,default,/vols/ripul_data,4GB,none,false,0GB,0GB,-,-,-,-,4GB,1GB,true,-,-,-,noida:/vols/ripul_data
noiclapa01-cls-mgt,vs0,rppreg,noiclapa01_s1_SATA0,1GB,online,default,/vols/rppreg,0GB,none,false,0GB,0GB,-,-,-,-,0GB,1GB,-,-,-,-,noida:/lan/cva/rppreg
noiclapa01-cls-mgt,vs0,rppreg2,noiclapa01_p5_SAS0,2GB,online,cva,/cva/rppreg2,0GB,it-noida,false,0GB,0GB,-,-,-,-,0GB,2GB,-,-,-,-,noida:/lan/cva/rppreg2
noiclapa01-cls-mgt,vs0,scp_fw01,noiclapa01_p7_SAS0,50GB,online,default,/grid/scp_fw01,4GB,none,false,0GB,0GB,-,-,-,-,4GB,46GB,-,-,-,-,noida:/grid/scp/fw
noiclapa01-cls-mgt,vs0,sd4hc_data,noiclapa01_p2_SAS0,800GB,online,default,/vols/sd4hc_data,597GB,none,false,0GB,0GB,-,-,-,-,597GB,203GB,-,-,-,-,noida:/servers/sd4hc_data
noiclapa01-cls-mgt,vs0,serdes_umc_salvo_wf_temp,noiclapa01_s1_SATA0,2GB,online,default,/vol/serdes_umc_salvo_wf_temp,0GB,none,false,0GB,0GB,-,-,-,-,0GB,2GB,-,-,-,-,noida:/servers/serdes_umc_salvo_wf_temp
noiclapa01-cls-mgt,vs0,sev_cm_utils_cache,noiclapa01_p2_SAS0,200GB,online,default,/vol/sev_cm_utils_cache,97GB,none,false,0GB,0GB,-,-,-,-,97GB,103GB,-,-,-,-,noida:/grid/dfm/bin
noiclapa01-cls-mgt,vs0,sev_dsk_home_ind01,noiclapa01_p2_SAS0,120GB,online,default,/sev/sev_dsk_home_ind01,62GB,none,false,0GB,0GB,-,-,-,-,62GB,58GB,-,-,-,-,noida:/hm/amishra
noiclapa01-cls-mgt,vs0,sev_grp_an_gui,noiclapa01_p1_SAS0,560GB,online,default,/sev/sev_grp_an_gui,480GB,none,false,0GB,0GB,-,-,-,-,480GB,80GB,-,-,-,-,noida:/sev/grp_an_gui
noiclapa01-cls-mgt,vs0,sev_grp_ind_an01,noiclapa01_p1_SAS0,110GB,online,default,/sev/sev_grp_ind_an01,95GB,none,false,0GB,0GB,-,-,-,-,95GB,15GB,-,-,-,-,noida:/sev/grp_ind_an01
noiclapa01-cls-mgt,vs0,sev_grp_ind_an02,noiclapa01_p1_SAS0,110GB,online,default,/sev/sev_grp_ind_an02,106GB,none,false,0GB,0GB,-,-,-,-,106GB,4GB,-,-,-,-,noida:/sev/grp_ind_an02
noiclapa01-cls-mgt,vs0,sev_grp_pe_data01,noiclapa01_p1_SAS0,310GB,online,default,/sev/sev_grp_pe_data01,267GB,none,false,0GB,0GB,-,-,-,-,267GB,43GB,-,-,-,-,noida:/sev/grp_pe_data01
noiclapa01-cls-mgt,vs0,sev_grp_pv_qehome,noiclapa01_p1_SAS0,300GB,online,default,/sev/sev_grp_pv_qehome,298GB,none,false,0GB,0GB,-,-,-,-,298GB,2GB,-,-,-,-,noida:/hm/qe
noiclapa01-cls-mgt,vs0,sev_ind_vol04,noiclapa01_p2_SAS0,60GB,online,default,/sev/sev_ind_vol04,10GB,none,false,0GB,0GB,-,-,-,-,10GB,50GB,-,-,-,-,noida:/hm/builds
noiclapa01-cls-mgt,vs0,sev_vol01,noiclapa01_p2_SAS0,310GB,online,default,/sev/sev_vol01,205GB,none,false,0GB,0GB,-,-,-,-,205GB,105GB,-,-,-,-,noida:/servers/sevstore
noiclapa01-cls-mgt,vs0,sfi_hpc,noiclapa01_p1_SAS0,100GB,online,default,/it/sfi_hpc,64GB,none,false,0GB,0GB,-,-,-,-,64GB,36GB,-,-,-,-,noida:/grid/sfi/hpc
noiclapa01-cls-mgt,vs0,sfi_it_connections,noiclapa01_p7_SAS0,100GB,online,default,/vols/sfi_it_connections,0GB,none,false,0GB,0GB,-,-,-,-,0GB,100GB,-,-,-,-,noida:/vols/sfi_it_connections
noiclapa01-cls-mgt,vs0,sfi_matrix05,noiclapa01_p6_SAS0,15GB,online,default,/vols/sfi_matrix05,0GB,none,false,0GB,0GB,-,-,-,-,0GB,15GB,-,-,-,-,noida:/grid/sfi/matrix05
noiclapa01-cls-mgt,vs0,sfi_pbs_var,noiclapa01_p7_SAS0,1536GB,online,farm_pbs,/it/sfi_pbs_var,1136GB,default,false,0GB,1GB,-,-,-,-,1137GB,399GB,-,-,-,-,noida:/grid/sfi/pbs_var
noiclapa01-cls-mgt,vs0,sfi_rtm,noiclapa01_p5_SAS0,1774GB,online,farm_rtm,/vols/sfi_rtm,595GB,default,false,0GB,0GB,-,-,-,-,595GB,1179GB,-,-,-,-,noida:/grid/sfi/rtm
noiclapa01-cls-mgt,vs0,sgautam_temp,noiclapa01_s1_SATA0,400GB,online,default,/vols/sgautam_temp,258GB,it-noida,false,0GB,0GB,-,-,-,-,258GB,142GB,-,-,-,-,noida:/vols/sgautam_temp
noiclapa01-cls-mgt,vs0,sigrity_fort10,noiclapa01_s1_SATA0,5000GB,online,default,/vols/sigrity_fort10,3797GB,none,false,0GB,0GB,-,-,-,-,3797GB,1203GB,-,dxiao,sdesai,Custom_IC_&_PCB_Group,noida:/vols/sigrity_fort10
noiclapa01-cls-mgt,vs0,sk_test3,noiclapa01_p8_SAS0,5GB,online,test1,/vol/sk_test3,0GB,default,false,0GB,0GB,-,-,-,-,0GB,5GB,-,-,-,-,noida:/vols/sk_test3
noiclapa01-cls-mgt,vs0,slt_backup,noiclapa01_p8_SATA0,500GB,online,cva,/cva/slt_backup,0GB,none,false,0GB,0GB,-,-,-,-,0GB,500GB,-,-,-,-,noida:/lan/cva/slt_backup
noiclapa01-cls-mgt,vs0,sol_p4_client_test_runs_t1nb,noiclapa01_s1_SATA0,500GB,online,avs,/vols/sol_p4_client_test_runs_t1nb,266GB,none,false,0GB,0GB,-,-,-,-,266GB,234GB,-,-,-,-,noida:/grid/solval/test_runs
noiclapa01-cls-mgt,vs0,spbcrash_space,noiclapa01_p8_SATA0,200GB,online,default,/vols/spbcrash_space,10GB,default,false,0GB,0GB,-,-,-,-,10GB,190GB,-,-,-,-,noida:/vols/spbcrash_space
noiclapa01-cls-mgt,vs0,spmn_ep_temp,noiclapa01_p1_SAS0,3788GB,online,default,/avs/spmn_ep_temp,1363GB,none,false,0GB,2008GB,-,-,-,-,3371GB,417GB,-,-,-,-,noida:/servers/spmn_temp
noiclapa01-cls-mgt,vs0,stor_home02,noiclapa01_p8_SAS0,2609GB,online,it,/it/stor_home02,1322GB,default,false,0GB,397GB,-,-,-,-,1719GB,890GB,true,-,-,-,bnglrdpc:/hm/sharmila;bnglrpod:/hm/sharmila;noida:/hm/JKHAN;sanjose:/hm/justynam;sjdpc2:/coho/justynam
noiclapa01-cls-mgt,vs0,stor_home03,noiclapa01_p2_SAS0,850GB,online,default,/it_test/stor_home03,726GB,1-weekly,false,0GB,5GB,-,-,-,-,731GB,119GB,-,-,-,-,noida:/hm/aagarwal
noiclapa01-cls-mgt,vs0,stor_home04,noiclapa01_p7_SAS0,1536GB,online,default,/it/stor_home04,669GB,default,false,0GB,0GB,-,-,-,-,669GB,867GB,true,-,-,-,noida:/hm/abhay
noiclapa01-cls-mgt,vs0,stor_home05,noiclapa01_p5_SAS0,1024GB,online,it,/it/stor_home05,62GB,1-weekly,false,0GB,22GB,-,-,-,-,84GB,940GB,-,-,-,-,noida:/hm/aadityap
noiclapa01-cls-mgt,vs0,stor_srm,noiclapa01_s1_SATA0,20GB,online,default,/vols/stor_srm,2GB,none,false,0GB,0GB,-,-,-,-,2GB,18GB,-,-,-,-,noida:/hm/ldap
noiclapa01-cls-mgt,vs0,storage_logs,noiclapa01_p1_SAS0,50GB,online,it,/vols/storage_logs,1GB,none,false,0GB,0GB,-,-,-,-,1GB,49GB,-,-,-,-,noida:/vols/storage_logs
noiclapa01-cls-mgt,vs0,svcs_in_nbkup,noiclapa01_p5_SAS0,300GB,online,default,/vols/svcs_in_nbkup,106GB,none,false,0GB,0GB,-,-,-,-,106GB,194GB,-,-,-,-,noida:/project/svcs_india
noiclapa01-cls-mgt,vs0,svg_mysql,noiclapa01_p5_SAS0,150GB,online,oracle,/oracle/svg_mysql,104GB,none,false,0GB,0GB,-,-,-,-,104GB,46GB,-,-,-,-,noida:/vols/svg_mysql
noiclapa01-cls-mgt,vs0,swjain_vol1,noiclapa01_p8_SAS0,225GB,online,cva,/cva/swjain_vol1,65GB,none,false,0GB,0GB,-,-,-,-,65GB,160GB,-,-,-,-,noida:/grid/cva/swjain_vol1
noiclapa01-cls-mgt,vs0,syn_home,noiclapa01_p2_SAS0,950GB,online,fed,/fed/syn_home,629GB,none,false,0GB,291GB,-,-,-,-,920GB,30GB,-,-,-,-,noida:/servers/rcusers
noiclapa01-cls-mgt,vs0,syn_rc,noiclapa01_p2_SAS0,2764GB,online,fed,/fed/syn_rc,2557GB,none,false,0GB,0GB,-,-,-,-,2557GB,207GB,-,-,-,-,noida:/hm/code
noiclapa01-cls-mgt,vs0,syn_rcqor,noiclapa01_p8_SATA0,200GB,online,fed,/fed/syn_rcqor,0GB,none,false,0GB,0GB,-,-,-,-,0GB,200GB,-,-,-,-,noida:/hm/rcqor
noiclapa01-cls-mgt,vs0,syntech_no_t2b,noiclapa01_p8_SATA0,1024GB,online,default,/icd/syntech_no_t2b,89GB,none,false,0GB,0GB,-,-,-,-,89GB,935GB,-,-,-,-,noida:/icd/syntech_no_t2b
noiclapa01-cls-mgt,vs0,syntech_no_t2nb,noiclapa01_p8_SATA0,1024GB,online,default,/icd/syntech_no_t2nb,0GB,none,false,0GB,0GB,-,-,-,-,0GB,1024GB,-,-,-,-,noida:/icd/syntech_no_t2nb
noiclapa01-cls-mgt,vs0,temp_extpe_till_dec17,noiclapa01_p6_SAS0,600GB,online,default,/vols/temp_extpe_till_dec17,449GB,none,false,0GB,0GB,-,-,-,-,449GB,151GB,-,-,-,-,noida:/vols/temp_extpe
noiclapa01-cls-mgt,vs0,temp_ratnakar,noiclapa01_p8_SATA0,800GB,online,rsync,/vol/temp_ratnakar,743GB,none,false,0GB,0GB,-,-,-,-,743GB,57GB,-,-,-,-,noida:/servers/temp_ratnakar
noiclapa01-cls-mgt,vs0,temp_ssomani,noiclapa01_p5_SAS0,50GB,online,default,/vols/temp_ssomani,6GB,none,false,0GB,0GB,-,-,-,-,6GB,44GB,-,-,-,-,noida:/servers/temp_ssomani
noiclapa01-cls-mgt,vs0,tfo_home,noiclapa01_p1_SAS0,530GB,online,default,/vol/tfo_home,466GB,none,false,0GB,0GB,-,-,-,-,466GB,64GB,-,-,-,-,noida:/hm/ashishb
noiclapa01-cls-mgt,vs0,tfo_intel_vorm01,noiclapa01_s1_SATA0,1024GB,online,vormetric,/vorm/tfo_intel_vorm01,205GB,none,false,0GB,119GB,-,-,-,-,324GB,700GB,-,-,-,-,noida:/grid/vormetric/secure_intel01
noiclapa01-cls-mgt,vs0,tfo_intel_vorm01,noiclapa01_s1_SATA0,1024GB,online,vormetric,/vorm/tfo_intel_vorm01,205GB,none,false,0GB,119GB,-,sushma,250GB,48GB,-,-,-,-,-,-,-
noiclapa01-cls-mgt,vs0,tfo_intel_vorm01,noiclapa01_s1_SATA0,1024GB,online,vormetric,/vorm/tfo_intel_vorm01,205GB,none,false,0GB,119GB,-,rajivd,250GB,11GB,-,-,-,-,-,-,-
noiclapa01-cls-mgt,vs0,tfo_intel_vorm01,noiclapa01_s1_SATA0,1024GB,online,vormetric,/vorm/tfo_intel_vorm01,205GB,none,false,0GB,119GB,-,jomy,250GB,13GB,-,-,-,-,-,-,-
noiclapa01-cls-mgt,vs0,tfo_intel_vorm01,noiclapa01_s1_SATA0,1024GB,online,vormetric,/vorm/tfo_intel_vorm01,205GB,none,false,0GB,119GB,-,vijayks,250GB,246GB,-,-,-,-,-,-,-
noiclapa01-cls-mgt,vs0,tfo_noida6,noiclapa01_s1_SATA0,1533GB,online,tfo,/tfo/tfo_noida6,1466GB,none,false,0GB,0GB,-,-,-,-,1466GB,67GB,-,-,-,-,noida:/servers/tfonoida6
noiclapa01-cls-mgt,vs0,tfo_noida7,noiclapa01_s1_SATA0,1843GB,online,tfo,/tfo/tfo_noida7,1806GB,none,false,0GB,15GB,-,-,-,-,1821GB,22GB,-,-,-,-,noida:/servers/tfonoida7
noiclapa01-cls-mgt,vs0,tlm_ip,noiclapa01_s1_SATA0,200GB,online,avs,/avs/tlm_ip,176GB,none,false,0GB,0GB,-,-,-,-,176GB,24GB,-,-,-,-,noida:/servers/tlm_ip
noiclapa01-cls-mgt,vs0,tool_method,noiclapa01_p1_SAS0,100GB,online,default,/vols/tool_method,52GB,none,false,0GB,0GB,-,-,-,-,52GB,48GB,-,-,-,-,noida:/tool/method
noiclapa01-cls-mgt,vs0,tools_vol01,noiclapa01_p1_SAS0,60GB,online,fed,/fed/tools_vol01,50GB,none,false,0GB,0GB,-,-,-,-,50GB,10GB,-,-,-,-,noida:/servers/tools
noiclapa01-cls-mgt,vs0,tp_tools_backup,noiclapa01_p8_SATA0,400GB,online,default,/vols/tp_tools_backup,384GB,none,false,0GB,0GB,-,-,-,-,384GB,16GB,-,niraj,mbao,WW_IT_ADMIN,noida:/grid/it/tp_tools_backup
noiclapa01-cls-mgt,vs0,ubuild_scratch,noiclapa01_p8_SATA0,6144GB,online,ubuild,/vols/ubuild_scratch,2436GB,none,false,0GB,0GB,-,-,-,-,2436GB,3708GB,-,-,-,-,noida:/vols/ubuild_scratch
noiclapa01-cls-mgt,vs0,usb_hermes_t12ffc_tc,noiclapa01_p6_SAS0,500GB,online,default,/projects/usb_hermes_t12ffc_tc,0GB,default,false,0GB,0GB,-,-,-,-,0GB,500GB,-,-,-,-,noida:/projects/usb_hermes_t12ffc_tc
noiclapa01-cls-mgt,vs0,usb_jenkins,noiclapa01_p2_SAS0,3272GB,online,default,/vols/usb_jenkins,551GB,it-noida,false,0GB,0GB,-,-,-,-,551GB,2721GB,-,-,-,-,noida:/projects/usb_jenkins
noiclapa01-cls-mgt,vs0,vdi_data,noiclapa01_s1_SATA0,1126GB,online,default,/vols/vdi_data,1109GB,none,false,0GB,0GB,-,-,-,-,1109GB,17GB,-,-,-,-,noida:/vols/vdi_data
noiclapa01-cls-mgt,vs0,vdi_scratch_01,noiclapa01_p5_SAS0,1843GB,online,it,/it/vdi_scratch_01,1593GB,default,false,0GB,234GB,-,-,-,-,1827GB,16GB,-,-,-,-,noida:/servers/scratch50
noiclapa01-cls-mgt,vs0,vdi_scratch_02,noiclapa01_p8_SATA0,11264GB,online,default,/it/vdi_scratch_02,10377GB,default_VDI,false,0GB,3503GB,-,-,-,-,13880GB,-2616GB,-,-,-,-,noida:/servers/scratch05
noiclapa01-cls-mgt,vs0,viewstore3,noiclapa01_p5_SAS0,3368GB,online,viewstore,/vols/viewstore3,642GB,it-noida,false,0GB,0GB,-,-,-,-,642GB,2726GB,-,-,-,-,noida:/ccase/viewstore3
noiclapa01-cls-mgt,vs0,vip_abc,noiclapa01_s2_SATA0,15GB,online,default,/vol/vip_abc,4GB,none,false,0GB,0GB,-,-,-,-,4GB,11GB,-,-,-,-,noida:/servers/vip_abc
noiclapa01-cls-mgt,vs0,vip_customer_support,noiclapa01_p8_SAS0,3584GB,online,default,/vols/vip_customer_support,2341GB,2D4H,false,0GB,87GB,-,-,-,-,2428GB,1156GB,-,-,-,-,noida:/servers/vip_customer_support
noiclapa01-cls-mgt,vs0,vip_pipephy_scratch,noiclapa01_p7_SAS0,1524GB,online,default,/vols/vip_pipephy_scratch,1020GB,2D4H,false,0GB,101GB,-,-,-,-,1121GB,403GB,-,-,-,-,noida:/servers/vip_pipephy_scratch
noiclapa01-cls-mgt,vs0,vip_scratch,noiclapa01_p6_SAS0,13497GB,online,default,/vols/vip_scratch,12639GB,none,false,0GB,0GB,-,-,-,-,12639GB,858GB,-,-,-,-,noida:/lan/dscratch/Shradha1
noiclapa01-cls-mgt,vs0,vip_solutions,noiclapa01_s1_SATA0,1024GB,online,default,/vols/vip_solutions,858GB,none,false,0GB,0GB,-,-,-,-,858GB,166GB,-,-,-,-,noida:/servers/vipsolutions
noiclapa01-cls-mgt,vs0,vip_vorm_vol01,noiclapa01_s1_SATA0,1024GB,online,vormetric,/vorm/vip_vorm_vol01,14GB,none,false,0GB,0GB,-,-,-,-,14GB,1010GB,-,-,-,-,noida:/grid/vormetric/vip_vol01
noiclapa01-cls-mgt,vs0,vip_vorm_vol01,noiclapa01_s1_SATA0,1024GB,online,vormetric,/vorm/vip_vorm_vol01,14GB,none,false,0GB,0GB,-,simonian,1024GB,13GB,-,-,-,-,-,-,-
noiclapa01-cls-mgt,vs0,vip_workspace,noiclapa01_p7_SAS0,6656GB,online,default,/vols/vip_workspace,5810GB,none,false,0GB,0GB,-,-,-,-,5810GB,846GB,-,-,-,-,noida:/lan/workspace/Shradha1
noiclapa01-cls-mgt,vs0,vobstore,noiclapa01_p7_SAS0,50GB,online,vobstore,/vol/vobstore,32GB,default,false,0GB,0GB,-,-,-,-,32GB,18GB,-,-,-,-,noida:/ccase/admin-in1
noiclapa01-cls-mgt,vs0,vobstore_nas_in1,noiclapa01_p7_SAS0,3123GB,online,vobstore,/vol/vobstore_nas_in1,3078GB,none,false,0GB,0GB,-,-,-,-,3078GB,45GB,-,-,-,-,noida:/ccase/vobstore_nas_in1
noiclapa01-cls-mgt,vs0,vobstore_nas_in2,noiclapa01_p7_SAS0,2252GB,online,vobstore,/vol/vobstore_nas_in2,1985GB,none,false,0GB,0GB,-,-,-,-,1985GB,267GB,-,-,-,-,noida:/ccase/vobstore_nas_in2
noiclapa01-cls-mgt,vs0,vol_envpv1,noiclapa01_p1_SAS0,710GB,online,cic,/cic/vol_envpv1,639GB,it-noida,false,0GB,0GB,-,-,-,-,639GB,71GB,-,-,-,-,noida:/servers/envpv1
noiclapa01-cls-mgt,vs0,vol_srahman,noiclapa01_p8_SATA0,750GB,online,default,/vols/vol_srahman,219GB,none,false,0GB,0GB,-,-,-,-,219GB,531GB,-,-,-,-,noida:/vols/vol_srahman
noiclapa01-cls-mgt,vs0,voltus_t2nb,noiclapa01_s1_SATA0,800GB,online,default,/vols/voltus_t2,466GB,none,false,0GB,0GB,-,-,-,-,466GB,334GB,-,-,-,-,noida:/vols/voltus_t2
noiclapa01-cls-mgt,vs0,vormetric_tfo5,noiclapa01_s2_SATA0,100GB,online,vormetric,/vorm/vormetric_tfo5,4GB,none,false,0GB,0GB,-,-,-,-,4GB,96GB,-,-,-,-,noida:/grid/vormetric/tfo5
noiclapa01-cls-mgt,vs0,vormetric_tfo5,noiclapa01_s2_SATA0,100GB,online,vormetric,/vorm/vormetric_tfo5,4GB,none,false,0GB,0GB,-,rpai,20GB,3GB,-,-,-,-,-,-,-
noiclapa01-cls-mgt,vs0,vs0_root,noiclapa01_p5_SAS0,1GB,online,default,/,0GB,default,false,0GB,0GB,-,-,-,-,0GB,1GB,true,-,-,-,-
noiclapa01-cls-mgt,vs0,vs0_root_p1,noiclapa01_p1_SAS0,1GB,online,default,/,0GB,none,false,0GB,0GB,-,-,-,-,0GB,1GB,-,-,-,-,-
noiclapa01-cls-mgt,vs0,vs0_root_p10,noiclapa01_p10_SAS0_RESERVED_VDI,1GB,online,default,/,0GB,none,false,0GB,0GB,-,-,-,-,0GB,1GB,-,-,-,-,-
noiclapa01-cls-mgt,vs0,vs0_root_p2,noiclapa01_p2_SAS0,1GB,online,default,/,0GB,none,false,0GB,0GB,-,-,-,-,0GB,1GB,-,-,-,-,-
noiclapa01-cls-mgt,vs0,vs0_root_p5,noiclapa01_p5_SAS0,1GB,online,default,/,0GB,none,false,0GB,0GB,-,-,-,-,0GB,1GB,-,-,-,-,-
noiclapa01-cls-mgt,vs0,vs0_root_p6,noiclapa01_p6_SAS0,1GB,online,default,/,0GB,none,false,0GB,0GB,-,-,-,-,0GB,1GB,-,-,-,-,-
noiclapa01-cls-mgt,vs0,vs0_root_p7,noiclapa01_p7_SAS0,1GB,online,default,/,0GB,none,false,0GB,0GB,-,-,-,-,0GB,1GB,-,-,-,-,-
noiclapa01-cls-mgt,vs0,vs0_root_p8,noiclapa01_p8_SAS0,1GB,online,default,/,0GB,none,false,0GB,0GB,-,-,-,-,0GB,1GB,-,-,-,-,-
noiclapa01-cls-mgt,vs0,vs0_root_p9,noiclapa01_p9_SAS0_RESERVED_VDI,1GB,online,default,/,0GB,none,false,0GB,0GB,-,-,-,-,0GB,1GB,-,-,-,-,-
noiclapa01-cls-mgt,vs0,vs0_root_s1,noiclapa01_s1_SATA0,1GB,online,default,/,0GB,none,false,0GB,0GB,-,-,-,-,0GB,1GB,-,-,-,-,-
noiclapa01-cls-mgt,vs0,vs0_root_s2,noiclapa01_s2_SATA0,1GB,online,default,/,0GB,none,false,0GB,0GB,-,-,-,-,0GB,1GB,-,-,-,-,-
noiclapa01-cls-mgt,vs0,wuxi_tsmc28hpcp_72bit_phy,noiclapa01_p7_SAS0,1024GB,online,default,/projects/wuxi_tsmc28hpcp_72bit_phy,419GB,default,false,0GB,185GB,-,-,-,-,604GB,420GB,-,-,-,-,noida:/projects/wuxi_tsmc28hpcp_72bit_phy
noiclapa01-cls-mgt,vs0,xtensa_tools,noiclapa01_p8_SATA0,500GB,online,default,/vols/xtensa_tools,392GB,none,false,0GB,0GB,-,-,-,-,392GB,108GB,-,-,-,-,noida:/servers/xtensa-tools
noiclapa01-cls-mgt,vs0,zfed_project,noiclapa01_p2_SAS0,1100GB,online,fed,/vols/zfed_project,955GB,none,false,0GB,0GB,-,-,-,-,955GB,145GB,-,-,-,-,noida:/vols/zfed
noiclapa01-cls-mgt,vs_vdi,esx_infra_win_db_vol01,noiclapa01_p10_SAS0_RESERVED_VDI,3072GB,online,infra_win01,/esx/esx_infra_win_db_vol01,1737GB,default_VDI,false,0GB,248GB,-,-,-,-,1985GB,1087GB,-,-,-,-,-
noiclapa01-cls-mgt,vs_vdi,esx_infra_win_vdi01,noiclapa01_p9_SAS0_RESERVED_VDI,7168GB,online,infra_win01,/esx/esx_infra_win_vdi01,5222GB,default_VDI,false,0GB,1045GB,-,-,-,-,6267GB,901GB,-,-,-,-,-
noiclapa01-cls-mgt,vs_vdi,esx_infra_win_vdi02,noiclapa01_p10_SAS0_RESERVED_VDI,4608GB,online,infra_win02,/esx/esx_infra_win_vdi02,2862GB,default_VDI,false,0GB,1034GB,-,-,-,-,3896GB,712GB,-,-,-,-,-
noiclapa01-cls-mgt,vs_vdi,esx_infra_win_vdi03,noiclapa01_p9_SAS0_RESERVED_VDI,5030GB,online,win_infra_vdi01,/esx/esx_infra_win_vdi03,3386GB,none,false,0GB,2987GB,-,-,-,-,6373GB,-1343GB,-,-,-,-,-
noiclapa01-cls-mgt,vs_vdi,esx_infra_win_vdi04,noiclapa01_p9_SAS0_RESERVED_VDI,5120GB,online,infra_win05,/esx/esx_infra_win_vdi04,3711GB,default_VDI,false,0GB,1601GB,-,-,-,-,5312GB,-192GB,-,-,-,-,-
noiclapa01-cls-mgt,vs_vdi,esx_noi_spbvdi_01_nfs01,noiclapa01_p10_SAS0_RESERVED_VDI,5120GB,online,esx_noi_spbvdi_01_nfs01,/esx/esx_noi_spbvdi_01_nfs01,2884GB,none,false,0GB,5019GB,-,-,-,-,7903GB,-2783GB,-,-,-,-,-
noiclapa01-cls-mgt,vs_vdi,esx_noi_spbvdi_01_nfs02,noiclapa01_p10_SAS0_RESERVED_VDI,4096GB,online,esx_noi_spbvdi_01_nfs02,/esx/esx_noi_spbvdi_01_nfs02,710GB,none,false,0GB,1737GB,-,-,-,-,2447GB,1649GB,-,-,-,-,-
noiclapa01-cls-mgt,vs_vdi,esx_noi_spbvdi_01_nfs03,noiclapa01_p9_SAS0_RESERVED_VDI,4096GB,online,esx_noi_spbvdi_01_nfs03,/esx/esx_noi_spbvdi_01_nfs03,524GB,none,false,0GB,1055GB,-,-,-,-,1579GB,2517GB,-,-,-,-,-
noiclapa01-cls-mgt,vs_vdi,esx_noi_vdi_02_gcs_nfs01,noiclapa01_p9_SAS0_RESERVED_VDI,9575GB,online,esx_noi_vdi_02_gcs_nfs,/esx/esx_noi_vdi_02_gcs_nfs01,6961GB,none,false,0GB,3984GB,-,-,-,-,10945GB,-1370GB,-,-,-,-,-
noiclapa01-cls-mgt,vs_vdi,esx_noi_vdi_02_gcs_nfs02,noiclapa01_p10_SAS0_RESERVED_VDI,8775GB,online,esx_noi_vdi_02_gcs_nfs,/esx/esx_noi_vdi_02_gcs_nfs02,5799GB,none,false,0GB,3403GB,-,-,-,-,9202GB,-427GB,-,-,-,-,-
noiclapa01-cls-mgt,vs_vdi,esx_spb_infra_vdi01,noiclapa01_p10_SAS0_RESERVED_VDI,4096GB,online,spb_infra,/esx/esx_spb_infra_vdi01,1372GB,none,false,0GB,1777GB,-,-,-,-,3149GB,947GB,-,-,-,-,-
noiclapa01-cls-mgt,vs_vdi,esx_unix_infra_vdi01,noiclapa01_p10_SAS0_RESERVED_VDI,7990GB,online,esx_rh_vdi01,/esx/esx_unix_infra_vdi01,4960GB,default,false,0GB,3107GB,-,-,-,-,8067GB,-77GB,-,-,-,-,-
noiclapa01-cls-mgt,vs_vdi,esx_unix_infra_vdi02,noiclapa01_p9_SAS0_RESERVED_VDI,4080GB,online,esx_rh_vdi01,/esx/esx_unix_infra_vdi02,2454GB,default,false,0GB,872GB,-,-,-,-,3326GB,754GB,-,-,-,-,-
noiclapa01-cls-mgt,vs_vdi,esx_user_win_vdi01,noiclapa01_p9_SAS0_RESERVED_VDI,7127GB,online,win_infra_vdi01,/esx/esx_user_win_vdi01,4469GB,none,false,0GB,3981GB,-,-,-,-,8450GB,-1323GB,-,-,-,-,-
noiclapa01-cls-mgt,vs_vdi,esx_windows_infra_vdi04,noiclapa01_p9_SAS0_RESERVED_VDI,4096GB,online,infra_win04,/esx/esx_windows_infra_vdi04,2456GB,default,false,0GB,951GB,-,-,-,-,3407GB,689GB,-,-,-,-,-
noiclapa01-cls-mgt,vs_vdi,noi_unix_vdi_01_nfs01_active,noiclapa01_p10_SAS0_RESERVED_VDI,8765GB,online,noi_unix_vdi_01_nfs01_active,/esx/noi_unix_vdi_01_nfs01_active,6497GB,none,false,0GB,18638GB,-,-,-,-,25135GB,-16370GB,-,-,-,-,-
noiclapa01-cls-mgt,vs_vdi,noi_unix_vdi_01_nfs02_active,noiclapa01_p9_SAS0_RESERVED_VDI,7884GB,online,noi_unix_vdi_01_nfs02_active,/esx/noi_unix_vdi_01_nfs02_active,5656GB,none,false,0GB,17550GB,-,-,-,-,23206GB,-15322GB,-,-,-,-,-
noiclapa01-cls-mgt,vs_vdi,vdi_prd_images,noiclapa01_p9_SAS0_RESERVED_VDI,700GB,online,kvm_vdi,/kvm/vdi_prd_images,521GB,none,false,0GB,986GB,-,-,-,-,1507GB,-807GB,-,-,-,-,-
noiclapa01-cls-mgt,vs_vdi,vdi_temp_farm_vikash,noiclapa01_p9_SAS0_RESERVED_VDI,2560GB,online,vdi_temp_farm_vikash,-,43GB,default,false,0GB,0GB,-,-,-,-,43GB,2517GB,-,-,-,-,-
noiclapa01-cls-mgt,vs_vdi,vs_vdi_root,noiclapa01_p5_SAS0,1GB,online,default,/,0GB,default,false,0GB,0GB,-,-,-,-,0GB,1GB,-,-,-,-,-
noiclapa01-cls-mgt,vs_vdi,vs_vdi_root_p1,noiclapa01_p1_SAS0,1GB,online,default,/,0GB,none,false,0GB,0GB,-,-,-,-,0GB,1GB,-,-,-,-,-
noiclapa01-cls-mgt,vs_vdi,vs_vdi_root_p10,noiclapa01_p10_SAS0_RESERVED_VDI,1GB,online,default,/,0GB,none,false,0GB,0GB,-,-,-,-,0GB,1GB,-,-,-,-,-
noiclapa01-cls-mgt,vs_vdi,vs_vdi_root_p2,noiclapa01_p2_SAS0,1GB,online,default,/,0GB,none,false,0GB,0GB,-,-,-,-,0GB,1GB,-,-,-,-,-
noiclapa01-cls-mgt,vs_vdi,vs_vdi_root_p5,noiclapa01_p5_SAS0,1GB,online,default,/,0GB,none,false,0GB,0GB,-,-,-,-,0GB,1GB,-,-,-,-,-
noiclapa01-cls-mgt,vs_vdi,vs_vdi_root_p6,noiclapa01_p6_SAS0,1GB,online,default,/,0GB,none,false,0GB,0GB,-,-,-,-,0GB,1GB,-,-,-,-,-
noiclapa01-cls-mgt,vs_vdi,vs_vdi_root_p7,noiclapa01_p7_SAS0,1GB,online,default,/,0GB,none,false,0GB,0GB,-,-,-,-,0GB,1GB,-,-,-,-,-
noiclapa01-cls-mgt,vs_vdi,vs_vdi_root_p8,noiclapa01_p8_SAS0,1GB,online,default,/,0GB,none,false,0GB,0GB,-,-,-,-,0GB,1GB,-,-,-,-,-
noiclapa01-cls-mgt,vs_vdi,vs_vdi_root_p9,noiclapa01_p9_SAS0_RESERVED_VDI,1GB,online,default,/,0GB,none,false,0GB,0GB,-,-,-,-,0GB,1GB,-,-,-,-,-
noiclapa01-cls-mgt,vs_vdi,vs_vdi_root_s1,noiclapa01_s1_SATA0,1GB,online,default,/,0GB,none,false,0GB,0GB,-,-,-,-,0GB,1GB,-,-,-,-,-
noiclapa01-cls-mgt,vs_vdi,vs_vdi_root_s2,noiclapa01_s2_SATA0,1GB,online,default,/,0GB,none,false,0GB,0GB,-,-,-,-,0GB,1GB,-,-,-,-,-
